Ville;Latitude;Longitude;Date;Heure;temperature_2m;weathercode;Temps_Label;windspeed_10m;wind_gusts_10m;precipitation
Toulouse;43.6;1.44;10/09/2026;00:00;15.6;0;SOLEIL;9.8;20.2;0
Toulouse;43.6;1.44;10/09/2026;01:00;15.7;0;SOLEIL;11.1;23.0;0
Toulouse;43.6;1.44;10/09/2026;02:00;14.9;0;SOLEIL;11.2;22.3;0
Toulouse;43.6;1.44;10/09/2026;03:00;14.1;0;SOLEIL;11.3;23.8;0
Toulouse;43.6;1.44;10/09/2026;04:00;13.5;0;SOLEIL;13.8;28.4;0
Toulouse;43.6;1.44;10/09/2026;05:00;13.5;0;SOLEIL;17.7;40.7;0
Toulouse;43.6;1.44;10/09/2026;06:00;13.1;0;SOLEIL;10.6;36.7;0
Toulouse;43.6;1.44;10/09/2026;07:00;15;0;SOLEIL;10.4;29.5;0
Toulouse;43.6;1.44;10/09/2026;08:00;16.8;0;SOLEIL;10.4;26.6;0
Toulouse;43.6;1.44;10/09/2026;09:00;19.1;0;SOLEIL;9.7;25.2;0
Toulouse;43.6;1.44;10/09/2026;10:00;20.4;0;SOLEIL;10.6;22.0;0
Toulouse;43.6;1.44;10/09/2026;11:00;22.1;5;SOLEIL VOILÉ;14.9;32.0;0
Toulouse;43.6;1.44;10/09/2026;12:00;23;5;SOLEIL VOILÉ;14.5;31.3;0
Toulouse;43.6;1.44;10/09/2026;13:00;24.1;0;SOLEIL;14.8;31.7;0
Toulouse;43.6;1.44;10/09/2026;14:00;23.9;0;SOLEIL;14.0;32.8;0
Toulouse;43.6;1.44;10/09/2026;15:00;24.1;0;SOLEIL;14.8;32.0;0
Toulouse;43.6;1.44;10/09/2026;16:00;24.6;0;SOLEIL;15.8;33.5;0
Toulouse;43.6;1.44;10/09/2026;17:00;24;0;SOLEIL;14.6;33.5;0
Toulouse;43.6;1.44;10/09/2026;18:00;22.4;0;SOLEIL;13.2;33.1;0
Toulouse;43.6;1.44;10/09/2026;19:00;21.6;0;SOLEIL;13.8;29.2;0
Toulouse;43.6;1.44;10/09/2026;20:00;20.3;0;SOLEIL;12.0;28.4;0
Toulouse;43.6;1.44;10/09/2026;21:00;18.3;0;SOLEIL;10.7;25.2;0
Toulouse;43.6;1.44;10/09/2026;22:00;18.2;0;SOLEIL;9.2;21.2;0
Toulouse;43.6;1.44;10/09/2026;23:00;17.1;0;SOLEIL;5.9;18.0;0
Toulouse;43.6;1.44;11/09/2026;00:00;15.6;0;SOLEIL;4.6;11.5;0
Toulouse;43.6;1.44;11/09/2026;01:00;15.6;0;SOLEIL;4.7;10.1;0
Toulouse;43.6;1.44;11/09/2026;02:00;13.1;0;SOLEIL;4.1;9.4;0
Toulouse;43.6;1.44;11/09/2026;03:00;13.1;0;SOLEIL;3.5;8.6;0
Toulouse;43.6;1.44;11/09/2026;04:00;13.1;0;SOLEIL;3.4;7.6;0
Toulouse;43.6;1.44;11/09/2026;05:00;12.6;0;SOLEIL;3.2;6.8;0
Toulouse;43.6;1.44;11/09/2026;06:00;12.6;0;SOLEIL;2.3;6.5;0
Toulouse;43.6;1.44;11/09/2026;07:00;12.6;0;SOLEIL;3.0;5.8;0
Toulouse;43.6;1.44;11/09/2026;08:00;19.9;0;SOLEIL;2.6;5.4;0
Toulouse;43.6;1.44;11/09/2026;09:00;19.9;0;SOLEIL;3.4;7.9;0
Toulouse;43.6;1.44;11/09/2026;10:00;19.9;0;SOLEIL;4.9;10.8;0
Toulouse;43.6;1.44;11/09/2026;11:00;24.1;0;SOLEIL;7.9;17.6;0
Toulouse;43.6;1.44;11/09/2026;12:00;24.1;0;SOLEIL;7.9;18.4;0
Toulouse;43.6;1.44;11/09/2026;13:00;24.1;0;SOLEIL;8.7;19.8;0
Toulouse;43.6;1.44;11/09/2026;14:00;25;0;SOLEIL;9.9;22.3;0
Toulouse;43.6;1.44;11/09/2026;15:00;25;0;SOLEIL;10.7;24.1;0
Toulouse;43.6;1.44;11/09/2026;16:00;25;0;SOLEIL;10.5;24.5;0
Toulouse;43.6;1.44;11/09/2026;17:00;24;0;SOLEIL;11.0;24.5;0
Toulouse;43.6;1.44;11/09/2026;18:00;24;0;SOLEIL;10.6;24.1;0
Toulouse;43.6;1.44;11/09/2026;19:00;24;0;SOLEIL;9.7;24.1;0
Toulouse;43.6;1.44;11/09/2026;20:00;20.4;0;SOLEIL;7.4;23.4;0
Toulouse;43.6;1.44;11/09/2026;21:00;20.4;0;SOLEIL;4.7;14.0;0
Toulouse;43.6;1.44;11/09/2026;22:00;20.4;0;SOLEIL;5.2;11.5;0
Toulouse;43.6;1.44;11/09/2026;23:00;17.5;0;SOLEIL;5.1;10.8;0
Toulouse;43.6;1.44;12/09/2026;00:00;17.5;0;SOLEIL;5.9;11.9;0
Toulouse;43.6;1.44;12/09/2026;01:00;17.5;0;SOLEIL;5.4;11.5;0
Toulouse;43.6;1.44;12/09/2026;02:00;15.2;0;SOLEIL;4.4;10.8;0
Toulouse;43.6;1.44;12/09/2026;03:00;15.2;0;SOLEIL;4.6;9.0;0
Toulouse;43.6;1.44;12/09/2026;04:00;15.2;0;SOLEIL;4.3;9.0;0
Toulouse;43.6;1.44;12/09/2026;05:00;14.7;0;SOLEIL;4.1;9.0;0
Toulouse;43.6;1.44;12/09/2026;06:00;14.7;0;SOLEIL;3.8;7.9;0
Toulouse;43.6;1.44;12/09/2026;07:00;14.7;0;SOLEIL;3.1;7.2;0
Toulouse;43.6;1.44;12/09/2026;08:00;20.5;0;SOLEIL;2.9;5.8;0
Toulouse;43.6;1.44;12/09/2026;09:00;20.5;0;SOLEIL;3.8;8.6;0
Toulouse;43.6;1.44;12/09/2026;10:00;20.5;0;SOLEIL;5.4;12.6;0
Toulouse;43.6;1.44;12/09/2026;11:00;25.6;0;SOLEIL;7.2;16.2;0
Toulouse;43.6;1.44;12/09/2026;12:00;25.6;0;SOLEIL;8.9;20.3;0
Toulouse;43.6;1.44;12/09/2026;13:00;25.6;0;SOLEIL;10.3;24.1;0
Toulouse;43.6;1.44;12/09/2026;14:00;27.1;0;SOLEIL;12.0;28.3;0
Toulouse;43.6;1.44;12/09/2026;15:00;27.1;0;SOLEIL;12.5;30.2;0
Toulouse;43.6;1.44;12/09/2026;16:00;27.1;0;SOLEIL;12.5;30.2;0
Toulouse;43.6;1.44;12/09/2026;17:00;26.6;0;SOLEIL;12.8;30.2;0
Toulouse;43.6;1.44;12/09/2026;18:00;26.6;0;SOLEIL;12.5;30.2;0
Toulouse;43.6;1.44;12/09/2026;19:00;26.6;0;SOLEIL;12.0;29.2;0
Toulouse;43.6;1.44;12/09/2026;20:00;20.3;0;SOLEIL;8.7;27.0;0
Toulouse;43.6;1.44;12/09/2026;21:00;18.8;0;SOLEIL;5.8;18.7;0
Toulouse;43.6;1.44;12/09/2026;22:00;17.2;0;SOLEIL;5.8;12.6;0
Toulouse;43.6;1.44;12/09/2026;23:00;18.4;0;SOLEIL;5.1;12.2;0
Foix;42.96;1.6;10/09/2026;00:00;13.4;0;SOLEIL;7.4;16.6;0
Foix;42.96;1.6;10/09/2026;01:00;12.5;0;SOLEIL;10.8;25.2;0
Foix;42.96;1.6;10/09/2026;02:00;11.6;0;SOLEIL;8.9;19.8;0
Foix;42.96;1.6;10/09/2026;03:00;11.1;0;SOLEIL;6.8;25.9;0
Foix;42.96;1.6;10/09/2026;04:00;10.4;0;SOLEIL;12.4;24.8;0
Foix;42.96;1.6;10/09/2026;05:00;10;0;SOLEIL;0.5;32.0;0
Foix;42.96;1.6;10/09/2026;06:00;10;0;SOLEIL;12.8;33.8;0
Foix;42.96;1.6;10/09/2026;07:00;12.3;0;SOLEIL;15.3;32.8;0
Foix;42.96;1.6;10/09/2026;08:00;14.9;0;SOLEIL;12.7;15.8;0
Foix;42.96;1.6;10/09/2026;09:00;17.6;0;SOLEIL;11.2;31.0;0
Foix;42.96;1.6;10/09/2026;10:00;19;0;SOLEIL;13.0;23.8;0
Foix;42.96;1.6;10/09/2026;11:00;19.7;0;SOLEIL;10.5;29.5;0
Foix;42.96;1.6;10/09/2026;12:00;21.2;5;SOLEIL VOILÉ;7.9;32.4;0
Foix;42.96;1.6;10/09/2026;13:00;22.1;5;SOLEIL VOILÉ;12.3;35.6;0
Foix;42.96;1.6;10/09/2026;14:00;21.6;5;SOLEIL VOILÉ;15.3;36.7;0
Foix;42.96;1.6;10/09/2026;15:00;21.4;0;SOLEIL;14.8;33.8;0
Foix;42.96;1.6;10/09/2026;16:00;21.6;0;SOLEIL;14.0;32.0;0
Foix;42.96;1.6;10/09/2026;17:00;22.1;0;SOLEIL;13.4;35.3;0
Foix;42.96;1.6;10/09/2026;18:00;19.5;0;SOLEIL;14.7;34.6;0
Foix;42.96;1.6;10/09/2026;19:00;18;0;SOLEIL;11.8;28.8;0
Foix;42.96;1.6;10/09/2026;20:00;16.6;0;SOLEIL;9.6;22.7;0
Foix;42.96;1.6;10/09/2026;21:00;14.8;0;SOLEIL;8.6;20.2;0
Foix;42.96;1.6;10/09/2026;22:00;14.1;0;SOLEIL;7.2;15.5;0
Foix;42.96;1.6;10/09/2026;23:00;12.9;0;SOLEIL;7.6;18.2;0
Foix;42.96;1.6;11/09/2026;00:00;12.1;0;SOLEIL;6.0;15.1;0
Foix;42.96;1.6;11/09/2026;01:00;12.1;0;SOLEIL;5.6;11.2;0
Foix;42.96;1.6;11/09/2026;02:00;10.5;0;SOLEIL;5.2;10.8;0
Foix;42.96;1.6;11/09/2026;03:00;10.5;0;SOLEIL;4.2;10.1;0
Foix;42.96;1.6;11/09/2026;04:00;10.5;0;SOLEIL;2.5;7.6;0
Foix;42.96;1.6;11/09/2026;05:00;10.7;0;SOLEIL;1.4;3.6;0
Foix;42.96;1.6;11/09/2026;06:00;10.7;0;SOLEIL;0.8;2.2;0
Foix;42.96;1.6;11/09/2026;07:00;10.7;0;SOLEIL;3.3;2.9;0
Foix;42.96;1.6;11/09/2026;08:00;18.6;0;SOLEIL;2.6;7.6;0
Foix;42.96;1.6;11/09/2026;09:00;18.6;0;SOLEIL;3.8;8.3;0
Foix;42.96;1.6;11/09/2026;10:00;18.6;0;SOLEIL;2.8;10.8;0
Foix;42.96;1.6;11/09/2026;11:00;22.6;0;SOLEIL;11.2;24.8;0
Foix;42.96;1.6;11/09/2026;12:00;22.6;0;SOLEIL;9.4;25.9;0
Foix;42.96;1.6;11/09/2026;13:00;22.6;0;SOLEIL;9.1;23.8;0
Foix;42.96;1.6;11/09/2026;14:00;23.1;0;SOLEIL;10.5;25.9;0
Foix;42.96;1.6;11/09/2026;15:00;23.1;0;SOLEIL;11.5;27.0;0
Foix;42.96;1.6;11/09/2026;16:00;23.1;0;SOLEIL;11.0;26.3;0
Foix;42.96;1.6;11/09/2026;17:00;19.2;0;SOLEIL;10.9;25.9;0
Foix;42.96;1.6;11/09/2026;18:00;19.2;0;SOLEIL;10.2;24.8;0
Foix;42.96;1.6;11/09/2026;19:00;19.2;0;SOLEIL;9.7;23.0;0
Foix;42.96;1.6;11/09/2026;20:00;16.1;0;SOLEIL;7.3;20.2;0
Foix;42.96;1.6;11/09/2026;21:00;16.1;0;SOLEIL;6.3;12.6;0
Foix;42.96;1.6;11/09/2026;22:00;16.1;0;SOLEIL;6.4;10.8;0
Foix;42.96;1.6;11/09/2026;23:00;13.9;0;SOLEIL;6.0;10.8;0
Foix;42.96;1.6;12/09/2026;00:00;13.9;0;SOLEIL;2.3;9.7;0
Foix;42.96;1.6;12/09/2026;01:00;13.9;0;SOLEIL;0.4;3.2;0
Foix;42.96;1.6;12/09/2026;02:00;13.1;0;SOLEIL;1.5;2.2;0
Foix;42.96;1.6;12/09/2026;03:00;13.1;0;SOLEIL;1.8;4.3;0
Foix;42.96;1.6;12/09/2026;04:00;13.1;0;SOLEIL;3.6;7.6;0
Foix;42.96;1.6;12/09/2026;05:00;12.2;0;SOLEIL;1.1;7.6;0
Foix;42.96;1.6;12/09/2026;06:00;12.2;0;SOLEIL;0.7;2.9;0
Foix;42.96;1.6;12/09/2026;07:00;12.2;0;SOLEIL;1.1;4.0;0
Foix;42.96;1.6;12/09/2026;08:00;19.9;0;SOLEIL;1.9;3.6;0
Foix;42.96;1.6;12/09/2026;09:00;19.9;0;SOLEIL;1.9;5.0;0
Foix;42.96;1.6;12/09/2026;10:00;19.9;0;SOLEIL;6.1;13.3;0
Foix;42.96;1.6;12/09/2026;11:00;23.6;0;SOLEIL;1.4;13.3;0
Foix;42.96;1.6;12/09/2026;12:00;23.6;0;SOLEIL;9.4;24.2;0
Foix;42.96;1.6;12/09/2026;13:00;23.6;0;SOLEIL;9.4;25.9;0
Foix;42.96;1.6;12/09/2026;14:00;24.2;0;SOLEIL;10.5;27.9;0
Foix;42.96;1.6;12/09/2026;15:00;24.2;0;SOLEIL;11.7;30.2;0
Foix;42.96;1.6;12/09/2026;16:00;24.2;0;SOLEIL;11.0;29.9;0
Foix;42.96;1.6;12/09/2026;17:00;20.9;0;SOLEIL;11.0;28.4;0
Foix;42.96;1.6;12/09/2026;18:00;20.9;0;SOLEIL;10.7;27.7;0
Foix;42.96;1.6;12/09/2026;19:00;20.9;0;SOLEIL;9.8;25.9;0
Foix;42.96;1.6;12/09/2026;20:00;17.3;0;SOLEIL;9.4;22.7;0
Foix;42.96;1.6;12/09/2026;21:00;15.8;0;SOLEIL;9.0;19.1;0
Foix;42.96;1.6;12/09/2026;22:00;14.3;0;SOLEIL;8.9;16.9;0
Foix;42.96;1.6;12/09/2026;23:00;14.1;0;SOLEIL;8.9;15.8;0
Carcassonne;43.21;2.35;10/09/2026;00:00;16;0;SOLEIL;16.6;31.3;0
Carcassonne;43.21;2.35;10/09/2026;01:00;16.1;0;SOLEIL;21.3;37.4;0
Carcassonne;43.21;2.35;10/09/2026;02:00;15.6;0;SOLEIL;20.2;35.6;0
Carcassonne;43.21;2.35;10/09/2026;03:00;14.6;0;SOLEIL;21.3;34.9;0
Carcassonne;43.21;2.35;10/09/2026;04:00;14.2;0;SOLEIL;24.3;38.5;0
Carcassonne;43.21;2.35;10/09/2026;05:00;14;0;SOLEIL;24.4;44.3;0
Carcassonne;43.21;2.35;10/09/2026;06:00;14.1;0;SOLEIL;26.8;43.9;0
Carcassonne;43.21;2.35;10/09/2026;07:00;16;0;SOLEIL;30.3;50.8;0
Carcassonne;43.21;2.35;10/09/2026;08:00;18.2;0;SOLEIL;27.1;50.4;0
Carcassonne;43.21;2.35;10/09/2026;09:00;19.6;0;SOLEIL;26.0;46.8;0
Carcassonne;43.21;2.35;10/09/2026;10:00;21.5;0;SOLEIL;30.7;51.8;0
Carcassonne;43.21;2.35;10/09/2026;11:00;22.3;0;SOLEIL;33.9;53.6;0
Carcassonne;43.21;2.35;10/09/2026;12:00;23;0;SOLEIL;31.3;50.4;0
Carcassonne;43.21;2.35;10/09/2026;13:00;23.7;0;SOLEIL;28.6;49.7;0
Carcassonne;43.21;2.35;10/09/2026;14:00;24.2;0;SOLEIL;29.1;51.8;0
Carcassonne;43.21;2.35;10/09/2026;15:00;24.3;0;SOLEIL;31.8;51.5;0
Carcassonne;43.21;2.35;10/09/2026;16:00;24.2;0;SOLEIL;31.3;54.0;0
Carcassonne;43.21;2.35;10/09/2026;17:00;23.6;0;SOLEIL;31.4;55.4;0
Carcassonne;43.21;2.35;10/09/2026;18:00;22;0;SOLEIL;31.5;52.9;0
Carcassonne;43.21;2.35;10/09/2026;19:00;20.4;0;SOLEIL;29.8;50.4;0
Carcassonne;43.21;2.35;10/09/2026;20:00;19.2;0;SOLEIL;25.0;46.1;0
Carcassonne;43.21;2.35;10/09/2026;21:00;18.1;0;SOLEIL;21.6;39.6;0
Carcassonne;43.21;2.35;10/09/2026;22:00;17.9;0;SOLEIL;20.2;38.2;0
Carcassonne;43.21;2.35;10/09/2026;23:00;17.4;0;SOLEIL;18.4;35.0;0
Carcassonne;43.21;2.35;11/09/2026;00:00;16.2;0;SOLEIL;17.9;33.8;0
Carcassonne;43.21;2.35;11/09/2026;01:00;16.2;0;SOLEIL;17.5;31.3;0
Carcassonne;43.21;2.35;11/09/2026;02:00;14.2;0;SOLEIL;14.8;31.0;0
Carcassonne;43.21;2.35;11/09/2026;03:00;14.2;0;SOLEIL;16.8;29.9;0
Carcassonne;43.21;2.35;11/09/2026;04:00;14.2;0;SOLEIL;17.1;31.7;0
Carcassonne;43.21;2.35;11/09/2026;05:00;14.4;0;SOLEIL;17.4;31.0;0
Carcassonne;43.21;2.35;11/09/2026;06:00;14.4;0;SOLEIL;18.8;32.8;0
Carcassonne;43.21;2.35;11/09/2026;07:00;14.4;0;SOLEIL;19.1;33.5;0
Carcassonne;43.21;2.35;11/09/2026;08:00;20.6;0;SOLEIL;18.4;33.5;0
Carcassonne;43.21;2.35;11/09/2026;09:00;20.6;0;SOLEIL;18.1;32.8;0
Carcassonne;43.21;2.35;11/09/2026;10:00;20.6;0;SOLEIL;21.1;37.4;0
Carcassonne;43.21;2.35;11/09/2026;11:00;25;0;SOLEIL;23.7;41.4;0
Carcassonne;43.21;2.35;11/09/2026;12:00;25;0;SOLEIL;25.7;45.0;0
Carcassonne;43.21;2.35;11/09/2026;13:00;25;0;SOLEIL;26.2;46.4;0
Carcassonne;43.21;2.35;11/09/2026;14:00;26;0;SOLEIL;26.8;47.5;0
Carcassonne;43.21;2.35;11/09/2026;15:00;26;0;SOLEIL;28.3;50.0;0
Carcassonne;43.21;2.35;11/09/2026;16:00;26;0;SOLEIL;26.6;50.0;0
Carcassonne;43.21;2.35;11/09/2026;17:00;23.1;0;SOLEIL;24.6;47.2;0
Carcassonne;43.21;2.35;11/09/2026;18:00;23.1;0;SOLEIL;21.8;43.6;0
Carcassonne;43.21;2.35;11/09/2026;19:00;23.1;0;SOLEIL;20.5;38.9;0
Carcassonne;43.21;2.35;11/09/2026;20:00;19.1;0;SOLEIL;17.4;35.6;0
Carcassonne;43.21;2.35;11/09/2026;21:00;19.1;0;SOLEIL;13.2;31.0;0
Carcassonne;43.21;2.35;11/09/2026;22:00;19.1;0;SOLEIL;11.9;22.3;0
Carcassonne;43.21;2.35;11/09/2026;23:00;17.6;0;SOLEIL;12.0;19.8;0
Carcassonne;43.21;2.35;12/09/2026;00:00;17.6;0;SOLEIL;11.9;20.5;0
Carcassonne;43.21;2.35;12/09/2026;01:00;17.6;0;SOLEIL;12.2;20.2;0
Carcassonne;43.21;2.35;12/09/2026;02:00;15.6;0;SOLEIL;13.4;23.0;0
Carcassonne;43.21;2.35;12/09/2026;03:00;15.6;0;SOLEIL;13.0;23.4;0
Carcassonne;43.21;2.35;12/09/2026;04:00;15.6;0;SOLEIL;12.6;22.7;0
Carcassonne;43.21;2.35;12/09/2026;05:00;15.4;0;SOLEIL;14.2;24.5;0
Carcassonne;43.21;2.35;12/09/2026;06:00;15.4;0;SOLEIL;15.8;27.0;0
Carcassonne;43.21;2.35;12/09/2026;07:00;15.4;0;SOLEIL;17.1;29.5;0
Carcassonne;43.21;2.35;12/09/2026;08:00;21.5;0;SOLEIL;15.9;29.9;0
Carcassonne;43.21;2.35;12/09/2026;09:00;21.5;0;SOLEIL;15.8;28.4;0
Carcassonne;43.21;2.35;12/09/2026;10:00;21.5;0;SOLEIL;17.5;31.0;0
Carcassonne;43.21;2.35;12/09/2026;11:00;26.1;0;SOLEIL;21.8;38.5;0
Carcassonne;43.21;2.35;12/09/2026;12:00;26.1;0;SOLEIL;24.4;41.7;0
Carcassonne;43.21;2.35;12/09/2026;13:00;26.1;0;SOLEIL;24.7;42.8;0
Carcassonne;43.21;2.35;12/09/2026;14:00;27.6;0;SOLEIL;24.2;43.2;0
Carcassonne;43.21;2.35;12/09/2026;15:00;27.6;0;SOLEIL;24.1;43.6;0
Carcassonne;43.21;2.35;12/09/2026;16:00;27.6;0;SOLEIL;23.9;42.1;0
Carcassonne;43.21;2.35;12/09/2026;17:00;24.9;0;SOLEIL;24.4;41.8;0
Carcassonne;43.21;2.35;12/09/2026;18:00;24.9;0;SOLEIL;25.2;42.1;0
Carcassonne;43.21;2.35;12/09/2026;19:00;24.9;0;SOLEIL;25.3;42.1;0
Carcassonne;43.21;2.35;12/09/2026;20:00;20.8;0;SOLEIL;23.5;40.0;0
Carcassonne;43.21;2.35;12/09/2026;21:00;19.3;0;SOLEIL;20.4;35.3;0
Carcassonne;43.21;2.35;12/09/2026;22:00;17.8;0;SOLEIL;17.3;30.2;0
Carcassonne;43.21;2.35;12/09/2026;23:00;16.1;0;SOLEIL;20.6;30.6;0
Laguiole;44.68;2.85;10/09/2026;00:00;7.5;0;SOLEIL;8.9;14.4;0
Laguiole;44.68;2.85;10/09/2026;01:00;7.4;0;SOLEIL;5.4;12.2;0
Laguiole;44.68;2.85;10/09/2026;02:00;7.5;0;SOLEIL;9.7;10.4;0
Laguiole;44.68;2.85;10/09/2026;03:00;8.1;0;SOLEIL;14.6;23.4;0
Laguiole;44.68;2.85;10/09/2026;04:00;7.8;0;SOLEIL;14.1;24.5;0
Laguiole;44.68;2.85;10/09/2026;05:00;8.4;0;SOLEIL;16.4;32.4;0
Laguiole;44.68;2.85;10/09/2026;06:00;9.6;0;SOLEIL;20.2;32.0;0
Laguiole;44.68;2.85;10/09/2026;07:00;10.8;0;SOLEIL;13.8;34.2;0
Laguiole;44.68;2.85;10/09/2026;08:00;11.9;0;SOLEIL;5.2;28.1;0
Laguiole;44.68;2.85;10/09/2026;09:00;13.6;0;SOLEIL;7.7;13.7;0
Laguiole;44.68;2.85;10/09/2026;10:00;14.7;0;SOLEIL;6.6;15.5;0
Laguiole;44.68;2.85;10/09/2026;11:00;15.4;0;SOLEIL;15.6;19.1;0
Laguiole;44.68;2.85;10/09/2026;12:00;15.8;0;SOLEIL;19.4;27.0;0
Laguiole;44.68;2.85;10/09/2026;13:00;17;0;SOLEIL;19.4;29.2;0
Laguiole;44.68;2.85;10/09/2026;14:00;17;0;SOLEIL;21.4;29.2;0
Laguiole;44.68;2.85;10/09/2026;15:00;17;0;SOLEIL;19.2;32.0;0
Laguiole;44.68;2.85;10/09/2026;16:00;15.7;0;SOLEIL;16.8;28.1;0
Laguiole;44.68;2.85;10/09/2026;17:00;13.6;0;SOLEIL;21.4;34.6;0
Laguiole;44.68;2.85;10/09/2026;18:00;12;0;SOLEIL;20.6;36.4;0
Laguiole;44.68;2.85;10/09/2026;19:00;11.3;0;SOLEIL;18.7;34.9;0
Laguiole;44.68;2.85;10/09/2026;20:00;11.1;0;SOLEIL;20.1;31.0;0
Laguiole;44.68;2.85;10/09/2026;21:00;10.7;0;SOLEIL;22.7;36.0;0
Laguiole;44.68;2.85;10/09/2026;22:00;10.4;0;SOLEIL;26.9;43.2;0
Laguiole;44.68;2.85;10/09/2026;23:00;10.1;0;SOLEIL;28.9;48.6;0
Laguiole;44.68;2.85;11/09/2026;00:00;9.9;0;SOLEIL;25.7;45.4;0
Laguiole;44.68;2.85;11/09/2026;01:00;9.9;0;SOLEIL;26.6;44.6;0
Laguiole;44.68;2.85;11/09/2026;02:00;8.9;0;SOLEIL;26.9;48.2;0
Laguiole;44.68;2.85;11/09/2026;03:00;8.9;0;SOLEIL;23.3;42.8;0
Laguiole;44.68;2.85;11/09/2026;04:00;8.9;0;SOLEIL;21.9;37.8;0
Laguiole;44.68;2.85;11/09/2026;05:00;10.9;0;SOLEIL;19.1;34.2;0
Laguiole;44.68;2.85;11/09/2026;06:00;10.9;0;SOLEIL;18.3;29.9;0
Laguiole;44.68;2.85;11/09/2026;07:00;10.9;0;SOLEIL;18.7;29.9;0
Laguiole;44.68;2.85;11/09/2026;08:00;16;0;SOLEIL;20.2;32.0;0
Laguiole;44.68;2.85;11/09/2026;09:00;16;0;SOLEIL;23.6;37.1;0
Laguiole;44.68;2.85;11/09/2026;10:00;16;0;SOLEIL;29.2;47.9;0
Laguiole;44.68;2.85;11/09/2026;11:00;18.6;0;SOLEIL;28.9;49.0;0
Laguiole;44.68;2.85;11/09/2026;12:00;18.6;0;SOLEIL;30.4;51.1;0
Laguiole;44.68;2.85;11/09/2026;13:00;18.6;0;SOLEIL;28.6;50.8;0
Laguiole;44.68;2.85;11/09/2026;14:00;19.2;0;SOLEIL;28.3;48.6;0
Laguiole;44.68;2.85;11/09/2026;15:00;19.2;0;SOLEIL;26.0;46.8;0
Laguiole;44.68;2.85;11/09/2026;16:00;19.2;0;SOLEIL;23.3;42.1;0
Laguiole;44.68;2.85;11/09/2026;17:00;13.2;0;SOLEIL;21.4;37.8;0
Laguiole;44.68;2.85;11/09/2026;18:00;13.2;0;SOLEIL;20.5;35.3;0
Laguiole;44.68;2.85;11/09/2026;19:00;13.2;0;SOLEIL;20.8;33.5;0
Laguiole;44.68;2.85;11/09/2026;20:00;12.6;0;SOLEIL;21.7;35.3;0
Laguiole;44.68;2.85;11/09/2026;21:00;12.6;0;SOLEIL;18.1;34.2;0
Laguiole;44.68;2.85;11/09/2026;22:00;12.6;0;SOLEIL;19.1;29.9;0
Laguiole;44.68;2.85;11/09/2026;23:00;11.6;0;SOLEIL;21.2;33.1;0
Laguiole;44.68;2.85;12/09/2026;00:00;11.6;0;SOLEIL;19.7;33.5;0
Laguiole;44.68;2.85;12/09/2026;01:00;11.6;0;SOLEIL;18.7;30.6;0
Laguiole;44.68;2.85;12/09/2026;02:00;10.9;0;SOLEIL;18.2;29.5;0
Laguiole;44.68;2.85;12/09/2026;03:00;10.9;0;SOLEIL;18.2;28.8;0
Laguiole;44.68;2.85;12/09/2026;04:00;10.9;0;SOLEIL;16.4;28.4;0
Laguiole;44.68;2.85;12/09/2026;05:00;12;0;SOLEIL;15.9;25.9;0
Laguiole;44.68;2.85;12/09/2026;06:00;12;0;SOLEIL;16.5;25.9;0
Laguiole;44.68;2.85;12/09/2026;07:00;12;0;SOLEIL;16.5;26.3;0
Laguiole;44.68;2.85;12/09/2026;08:00;17.1;0;SOLEIL;15.0;26.3;0
Laguiole;44.68;2.85;12/09/2026;09:00;17.1;0;SOLEIL;13.5;23.0;0
Laguiole;44.68;2.85;12/09/2026;10:00;17.1;0;SOLEIL;17.4;28.1;0
Laguiole;44.68;2.85;12/09/2026;11:00;20.1;0;SOLEIL;18.6;31.3;0
Laguiole;44.68;2.85;12/09/2026;12:00;20.1;0;SOLEIL;16.8;31.7;0
Laguiole;44.68;2.85;12/09/2026;13:00;20.1;0;SOLEIL;15.6;31.1;0
Laguiole;44.68;2.85;12/09/2026;14:00;21.7;0;SOLEIL;16.2;32.1;0
Laguiole;44.68;2.85;12/09/2026;15:00;21.7;0;SOLEIL;16.2;32.4;0
Laguiole;44.68;2.85;12/09/2026;16:00;21.7;0;SOLEIL;15.8;32.0;0
Laguiole;44.68;2.85;12/09/2026;17:00;16.1;0;SOLEIL;16.9;34.2;0
Laguiole;44.68;2.85;12/09/2026;18:00;16.1;0;SOLEIL;17.7;34.6;0
Laguiole;44.68;2.85;12/09/2026;19:00;16.1;0;SOLEIL;18.5;36.4;0
Laguiole;44.68;2.85;12/09/2026;20:00;15.7;0;SOLEIL;17.6;36.0;0
Laguiole;44.68;2.85;12/09/2026;21:00;14.4;0;SOLEIL;17.6;42.5;0
Laguiole;44.68;2.85;12/09/2026;22:00;13.1;0;SOLEIL;18.7;45.7;0
Laguiole;44.68;2.85;12/09/2026;23:00;12.7;0;SOLEIL;19.8;47.5;0
Rodez;44.35;2.57;10/09/2026;00:00;9.9;0;SOLEIL;12.2;19.4;0
Rodez;44.35;2.57;10/09/2026;01:00;9.2;0;SOLEIL;8.1;20.2;0
Rodez;44.35;2.57;10/09/2026;02:00;9.1;0;SOLEIL;8.4;15.1;0
Rodez;44.35;2.57;10/09/2026;03:00;8.1;0;SOLEIL;11.2;18.4;0
Rodez;44.35;2.57;10/09/2026;04:00;6.6;0;SOLEIL;12.1;20.5;0
Rodez;44.35;2.57;10/09/2026;05:00;5.6;0;SOLEIL;21.2;37.4;0
Rodez;44.35;2.57;10/09/2026;06:00;6;0;SOLEIL;12.7;36.0;0
Rodez;44.35;2.57;10/09/2026;07:00;8.2;0;SOLEIL;10.5;23.0;0
Rodez;44.35;2.57;10/09/2026;08:00;13.4;0;SOLEIL;8.4;20.5;0
Rodez;44.35;2.57;10/09/2026;09:00;16.1;0;SOLEIL;7.6;16.6;0
Rodez;44.35;2.57;10/09/2026;10:00;18.2;0;SOLEIL;15.3;26.3;0
Rodez;44.35;2.57;10/09/2026;11:00;18.9;0;SOLEIL;17.4;30.2;0
Rodez;44.35;2.57;10/09/2026;12:00;19.7;0;SOLEIL;22.0;38.2;0
Rodez;44.35;2.57;10/09/2026;13:00;21.4;0;SOLEIL;23.5;40.3;0
Rodez;44.35;2.57;10/09/2026;14:00;21.7;0;SOLEIL;22.4;40.7;0
Rodez;44.35;2.57;10/09/2026;15:00;21.1;0;SOLEIL;23.6;41.0;0
Rodez;44.35;2.57;10/09/2026;16:00;21.6;0;SOLEIL;22.5;40.3;0
Rodez;44.35;2.57;10/09/2026;17:00;21;0;SOLEIL;22.4;42.5;0
Rodez;44.35;2.57;10/09/2026;18:00;18.5;0;SOLEIL;24.5;42.1;0
Rodez;44.35;2.57;10/09/2026;19:00;17.2;0;SOLEIL;21.9;39.2;0
Rodez;44.35;2.57;10/09/2026;20:00;15.4;0;SOLEIL;19.6;36.0;0
Rodez;44.35;2.57;10/09/2026;21:00;13.5;0;SOLEIL;15.0;32.0;0
Rodez;44.35;2.57;10/09/2026;22:00;12.3;0;SOLEIL;10.7;24.1;0
Rodez;44.35;2.57;10/09/2026;23:00;11.4;0;SOLEIL;6.9;16.6;0
Rodez;44.35;2.57;11/09/2026;00:00;9.1;0;SOLEIL;5.2;10.4;0
Rodez;44.35;2.57;11/09/2026;01:00;9.1;0;SOLEIL;4.7;8.3;0
Rodez;44.35;2.57;11/09/2026;02:00;8.2;0;SOLEIL;5.5;8.6;0
Rodez;44.35;2.57;11/09/2026;03:00;8.2;0;SOLEIL;3.4;8.3;0
Rodez;44.35;2.57;11/09/2026;04:00;8.2;0;SOLEIL;3.4;5.4;0
Rodez;44.35;2.57;11/09/2026;05:00;7.9;0;SOLEIL;2.6;5.8;0
Rodez;44.35;2.57;11/09/2026;06:00;7.9;0;SOLEIL;2.1;3.6;0
Rodez;44.35;2.57;11/09/2026;07:00;7.9;0;SOLEIL;1.5;2.5;0
Rodez;44.35;2.57;11/09/2026;08:00;18.1;0;SOLEIL;2.5;3.6;0
Rodez;44.35;2.57;11/09/2026;09:00;18.1;0;SOLEIL;2.0;3.6;0
Rodez;44.35;2.57;11/09/2026;10:00;18.1;0;SOLEIL;8.7;15.1;0
Rodez;44.35;2.57;11/09/2026;11:00;20.6;0;SOLEIL;15.5;26.6;0
Rodez;44.35;2.57;11/09/2026;12:00;20.6;0;SOLEIL;20.9;36.4;0
Rodez;44.35;2.57;11/09/2026;13:00;20.6;0;SOLEIL;19.5;37.8;0
Rodez;44.35;2.57;11/09/2026;14:00;21.7;0;SOLEIL;18.3;34.2;0
Rodez;44.35;2.57;11/09/2026;15:00;21.7;0;SOLEIL;17.3;33.1;0
Rodez;44.35;2.57;11/09/2026;16:00;21.7;0;SOLEIL;20.7;34.9;0
Rodez;44.35;2.57;11/09/2026;17:00;17.9;0;SOLEIL;22.8;39.2;0
Rodez;44.35;2.57;11/09/2026;18:00;17.9;0;SOLEIL;21.9;38.9;0
Rodez;44.35;2.57;11/09/2026;19:00;17.9;0;SOLEIL;19.7;37.4;0
Rodez;44.35;2.57;11/09/2026;20:00;14.5;0;SOLEIL;13.5;33.1;0
Rodez;44.35;2.57;11/09/2026;21:00;14.5;0;SOLEIL;7.2;20.9;0
Rodez;44.35;2.57;11/09/2026;22:00;14.5;0;SOLEIL;4.5;11.5;0
Rodez;44.35;2.57;11/09/2026;23:00;11.6;0;SOLEIL;3.8;6.8;0
Rodez;44.35;2.57;12/09/2026;00:00;11.6;0;SOLEIL;3.3;5.4;0
Rodez;44.35;2.57;12/09/2026;01:00;11.6;0;SOLEIL;3.3;5.0;0
Rodez;44.35;2.57;12/09/2026;02:00;10.4;0;SOLEIL;2.6;4.7;0
Rodez;44.35;2.57;12/09/2026;03:00;10.4;0;SOLEIL;2.7;4.0;0
Rodez;44.35;2.57;12/09/2026;04:00;10.4;0;SOLEIL;2.6;4.0;0
Rodez;44.35;2.57;12/09/2026;05:00;10.1;0;SOLEIL;2.5;4.0;0
Rodez;44.35;2.57;12/09/2026;06:00;10.1;0;SOLEIL;1.8;2.9;0
Rodez;44.35;2.57;12/09/2026;07:00;10.1;0;SOLEIL;1.8;2.2;0
Rodez;44.35;2.57;12/09/2026;08:00;18.5;0;SOLEIL;2.6;3.2;0
Rodez;44.35;2.57;12/09/2026;09:00;18.5;0;SOLEIL;2.5;4.7;0
Rodez;44.35;2.57;12/09/2026;10:00;18.5;0;SOLEIL;3.8;7.9;0
Rodez;44.35;2.57;12/09/2026;11:00;22.7;0;SOLEIL;9.4;16.6;0
Rodez;44.35;2.57;12/09/2026;12:00;22.7;0;SOLEIL;15.1;26.6;0
Rodez;44.35;2.57;12/09/2026;13:00;22.7;0;SOLEIL;18.0;32.8;0
Rodez;44.35;2.57;12/09/2026;14:00;23.9;0;SOLEIL;18.7;34.5;0
Rodez;44.35;2.57;12/09/2026;15:00;23.9;0;SOLEIL;19.9;37.4;0
Rodez;44.35;2.57;12/09/2026;16:00;23.9;0;SOLEIL;20.0;37.4;0
Rodez;44.35;2.57;12/09/2026;17:00;20.4;0;SOLEIL;20.7;38.5;0
Rodez;44.35;2.57;12/09/2026;18:00;20.4;0;SOLEIL;20.3;38.5;0
Rodez;44.35;2.57;12/09/2026;19:00;20.4;0;SOLEIL;19.5;37.4;0
Rodez;44.35;2.57;12/09/2026;20:00;16.0;0;SOLEIL;16.1;35.6;0
Rodez;44.35;2.57;12/09/2026;21:00;14.3;0;SOLEIL;11.3;28.8;0
Rodez;44.35;2.57;12/09/2026;22:00;12.6;0;SOLEIL;6.1;19.8;0
Rodez;44.35;2.57;12/09/2026;23:00;13.6;0;SOLEIL;2.9;11.2;0
Saint-Affrique;43.96;2.88;10/09/2026;00:00;13.5;0;SOLEIL;5.4;13.3;0
Saint-Affrique;43.96;2.88;10/09/2026;01:00;12.1;0;SOLEIL;6.9;11.5;0
Saint-Affrique;43.96;2.88;10/09/2026;02:00;11.1;0;SOLEIL;6.5;11.5;0
Saint-Affrique;43.96;2.88;10/09/2026;03:00;11;0;SOLEIL;7.9;12.6;0
Saint-Affrique;43.96;2.88;10/09/2026;04:00;10.7;0;SOLEIL;6.1;12.6;0
Saint-Affrique;43.96;2.88;10/09/2026;05:00;10.4;0;SOLEIL;7.6;15.8;0
Saint-Affrique;43.96;2.88;10/09/2026;06:00;10.9;0;SOLEIL;6.4;16.9;0
Saint-Affrique;43.96;2.88;10/09/2026;07:00;12.7;0;SOLEIL;16.6;27.7;0
Saint-Affrique;43.96;2.88;10/09/2026;08:00;16.4;0;SOLEIL;8.3;27.4;0
Saint-Affrique;43.96;2.88;10/09/2026;09:00;19.2;0;SOLEIL;11.5;19.1;0
Saint-Affrique;43.96;2.88;10/09/2026;10:00;21.5;0;SOLEIL;16.5;30.2;0
Saint-Affrique;43.96;2.88;10/09/2026;11:00;23.2;0;SOLEIL;24.6;35.3;0
Saint-Affrique;43.96;2.88;10/09/2026;12:00;23.8;0;SOLEIL;21.3;40.3;0
Saint-Affrique;43.96;2.88;10/09/2026;13:00;24.6;0;SOLEIL;25.3;43.9;0
Saint-Affrique;43.96;2.88;10/09/2026;14:00;25.5;0;SOLEIL;24.6;45.4;0
Saint-Affrique;43.96;2.88;10/09/2026;15:00;25;0;SOLEIL;24.7;43.2;0
Saint-Affrique;43.96;2.88;10/09/2026;16:00;25.6;0;SOLEIL;26.3;45.4;0
Saint-Affrique;43.96;2.88;10/09/2026;17:00;24;0;SOLEIL;26.2;46.4;0
Saint-Affrique;43.96;2.88;10/09/2026;18:00;21.9;0;SOLEIL;25.8;46.1;0
Saint-Affrique;43.96;2.88;10/09/2026;19:00;19.5;0;SOLEIL;21.3;42.8;0
Saint-Affrique;43.96;2.88;10/09/2026;20:00;17.6;0;SOLEIL;19.1;40.0;0
Saint-Affrique;43.96;2.88;10/09/2026;21:00;15.9;0;SOLEIL;12.1;31.0;0
Saint-Affrique;43.96;2.88;10/09/2026;22:00;14.7;0;SOLEIL;7.2;18.4;0
Saint-Affrique;43.96;2.88;10/09/2026;23:00;14.2;0;SOLEIL;6.2;10.8;0
Saint-Affrique;43.96;2.88;11/09/2026;00:00;13.1;0;SOLEIL;5.5;9.4;0
Saint-Affrique;43.96;2.88;11/09/2026;01:00;13.1;0;SOLEIL;5.8;9.7;0
Saint-Affrique;43.96;2.88;11/09/2026;02:00;9.6;0;SOLEIL;5.5;9.7;0
Saint-Affrique;43.96;2.88;11/09/2026;03:00;9.6;0;SOLEIL;6.6;11.2;0
Saint-Affrique;43.96;2.88;11/09/2026;04:00;9.6;0;SOLEIL;7.1;11.5;0
Saint-Affrique;43.96;2.88;11/09/2026;05:00;8.6;0;SOLEIL;8.3;13.3;0
Saint-Affrique;43.96;2.88;11/09/2026;06:00;8.6;0;SOLEIL;10.0;15.8;0
Saint-Affrique;43.96;2.88;11/09/2026;07:00;8.6;0;SOLEIL;12.8;20.9;0
Saint-Affrique;43.96;2.88;11/09/2026;08:00;20;0;SOLEIL;10.1;21.2;0
Saint-Affrique;43.96;2.88;11/09/2026;09:00;20;0;SOLEIL;10.1;16.9;0
Saint-Affrique;43.96;2.88;11/09/2026;10:00;20;0;SOLEIL;14.8;25.2;0
Saint-Affrique;43.96;2.88;11/09/2026;11:00;25.4;0;SOLEIL;19.5;33.8;0
Saint-Affrique;43.96;2.88;11/09/2026;12:00;25.4;0;SOLEIL;19.9;35.3;0
Saint-Affrique;43.96;2.88;11/09/2026;13:00;25.4;0;SOLEIL;21.9;37.8;0
Saint-Affrique;43.96;2.88;11/09/2026;14:00;26.1;0;SOLEIL;20.9;39.2;0
Saint-Affrique;43.96;2.88;11/09/2026;15:00;26.1;0;SOLEIL;20.0;36.4;0
Saint-Affrique;43.96;2.88;11/09/2026;16:00;26.1;0;SOLEIL;20.4;35.6;0
Saint-Affrique;43.96;2.88;11/09/2026;17:00;21.7;0;SOLEIL;21.4;38.9;0
Saint-Affrique;43.96;2.88;11/09/2026;18:00;21.7;0;SOLEIL;23.5;39.6;0
Saint-Affrique;43.96;2.88;11/09/2026;19:00;21.7;0;SOLEIL;19.2;39.2;0
Saint-Affrique;43.96;2.88;11/09/2026;20:00;16;0;SOLEIL;12.3;30.6;0
Saint-Affrique;43.96;2.88;11/09/2026;21:00;16;0;SOLEIL;9.9;19.8;0
Saint-Affrique;43.96;2.88;11/09/2026;22:00;16;0;SOLEIL;6.4;15.5;0
Saint-Affrique;43.96;2.88;11/09/2026;23:00;13.1;0;SOLEIL;4.6;9.4;0
Saint-Affrique;43.96;2.88;12/09/2026;00:00;13.1;0;SOLEIL;4.0;6.8;0
Saint-Affrique;43.96;2.88;12/09/2026;01:00;13.1;0;SOLEIL;4.2;6.8;0
Saint-Affrique;43.96;2.88;12/09/2026;02:00;11.1;0;SOLEIL;3.8;6.5;0
Saint-Affrique;43.96;2.88;12/09/2026;03:00;11.1;0;SOLEIL;3.5;5.4;0
Saint-Affrique;43.96;2.88;12/09/2026;04:00;11.1;0;SOLEIL;4.0;5.8;0
Saint-Affrique;43.96;2.88;12/09/2026;05:00;9.7;0;SOLEIL;3.4;6.1;0
Saint-Affrique;43.96;2.88;12/09/2026;06:00;9.7;0;SOLEIL;3.2;5.4;0
Saint-Affrique;43.96;2.88;12/09/2026;07:00;9.7;0;SOLEIL;3.5;5.4;0
Saint-Affrique;43.96;2.88;12/09/2026;08:00;19.2;0;SOLEIL;3.0;5.0;0
Saint-Affrique;43.96;2.88;12/09/2026;09:00;19.2;0;SOLEIL;4.6;6.8;0
Saint-Affrique;43.96;2.88;12/09/2026;10:00;19.2;0;SOLEIL;7.0;12.6;0
Saint-Affrique;43.96;2.88;12/09/2026;11:00;27.1;0;SOLEIL;11.2;19.4;0
Saint-Affrique;43.96;2.88;12/09/2026;12:00;27.1;0;SOLEIL;19.9;35.2;0
Saint-Affrique;43.96;2.88;12/09/2026;13:00;27.1;0;SOLEIL;21.2;40.3;0
Saint-Affrique;43.96;2.88;12/09/2026;14:00;27.9;0;SOLEIL;20.9;41.9;0
Saint-Affrique;43.96;2.88;12/09/2026;15:00;27.9;0;SOLEIL;20.5;42.8;0
Saint-Affrique;43.96;2.88;12/09/2026;16:00;27.9;0;SOLEIL;22.2;45.0;0
Saint-Affrique;43.96;2.88;12/09/2026;17:00;23.7;0;SOLEIL;22.2;45.0;0
Saint-Affrique;43.96;2.88;12/09/2026;18:00;23.7;0;SOLEIL;21.6;44.6;0
Saint-Affrique;43.96;2.88;12/09/2026;19:00;23.7;0;SOLEIL;19.6;42.8;0
Saint-Affrique;43.96;2.88;12/09/2026;20:00;17.8;0;SOLEIL;17.2;38.2;0
Saint-Affrique;43.96;2.88;12/09/2026;21:00;15.7;0;SOLEIL;12.4;33.1;0
Saint-Affrique;43.96;2.88;12/09/2026;22:00;13.5;0;SOLEIL;7.4;26.3;0
Saint-Affrique;43.96;2.88;12/09/2026;23:00;14.6;0;SOLEIL;5.3;15.8;0
Alès;44.12;4.08;10/09/2026;00:00;17.4;0;SOLEIL;6.4;13.0;0
Alès;44.12;4.08;10/09/2026;01:00;16.1;0;SOLEIL;5.0;15.5;0
Alès;44.12;4.08;10/09/2026;02:00;15.6;0;SOLEIL;2.2;9.7;0
Alès;44.12;4.08;10/09/2026;03:00;16.6;0;SOLEIL;3.7;6.8;0
Alès;44.12;4.08;10/09/2026;04:00;16.6;0;SOLEIL;5.6;9.7;0
Alès;44.12;4.08;10/09/2026;05:00;16.9;0;SOLEIL;6.7;14.0;0
Alès;44.12;4.08;10/09/2026;06:00;16.9;0;SOLEIL;5.4;15.5;0
Alès;44.12;4.08;10/09/2026;07:00;19.4;0;SOLEIL;6.0;11.9;0
Alès;44.12;4.08;10/09/2026;08:00;21.1;0;SOLEIL;3.7;16.9;0
Alès;44.12;4.08;10/09/2026;09:00;22.7;0;SOLEIL;2.3;14.4;0
Alès;44.12;4.08;10/09/2026;10:00;24.6;0;SOLEIL;7.4;13.0;0
Alès;44.12;4.08;10/09/2026;11:00;25.9;0;SOLEIL;5.5;16.6;0
Alès;44.12;4.08;10/09/2026;12:00;27;0;SOLEIL;6.3;12.2;0
Alès;44.12;4.08;10/09/2026;13:00;27.1;0;SOLEIL;14.0;24.1;0
Alès;44.12;4.08;10/09/2026;14:00;28.1;0;SOLEIL;13.2;31.7;0
Alès;44.12;4.08;10/09/2026;15:00;27.6;0;SOLEIL;12.8;28.1;0
Alès;44.12;4.08;10/09/2026;16:00;26.9;0;SOLEIL;17.4;33.1;0
Alès;44.12;4.08;10/09/2026;17:00;26;0;SOLEIL;13.0;32.0;0
Alès;44.12;4.08;10/09/2026;18:00;23.6;0;SOLEIL;13.7;28.8;0
Alès;44.12;4.08;10/09/2026;19:00;21.7;0;SOLEIL;9.0;26.3;0
Alès;44.12;4.08;10/09/2026;20:00;20.2;0;SOLEIL;18.0;34.2;0
Alès;44.12;4.08;10/09/2026;21:00;19.7;0;SOLEIL;15.4;32.4;0
Alès;44.12;4.08;10/09/2026;22:00;18.5;0;SOLEIL;12.4;28.4;0
Alès;44.12;4.08;10/09/2026;23:00;17.5;0;SOLEIL;13.2;24.1;0
Alès;44.12;4.08;11/09/2026;00:00;17.7;0;SOLEIL;16.4;29.9;0
Alès;44.12;4.08;11/09/2026;01:00;17.7;0;SOLEIL;18.9;34.9;0
Alès;44.12;4.08;11/09/2026;02:00;16.1;0;SOLEIL;17.9;34.9;0
Alès;44.12;4.08;11/09/2026;03:00;16.1;0;SOLEIL;18.4;33.8;0
Alès;44.12;4.08;11/09/2026;04:00;16.1;0;SOLEIL;17.7;34.2;0
Alès;44.12;4.08;11/09/2026;05:00;15.6;0;SOLEIL;17.1;32.4;0
Alès;44.12;4.08;11/09/2026;06:00;15.6;0;SOLEIL;20.5;37.8;0
Alès;44.12;4.08;11/09/2026;07:00;15.6;0;SOLEIL;21.0;39.2;0
Alès;44.12;4.08;11/09/2026;08:00;24.6;0;SOLEIL;22.7;42.1;0
Alès;44.12;4.08;11/09/2026;09:00;24.6;0;SOLEIL;23.0;42.8;0
Alès;44.12;4.08;11/09/2026;10:00;24.6;0;SOLEIL;25.3;48.6;0
Alès;44.12;4.08;11/09/2026;11:00;29.4;0;SOLEIL;24.5;48.2;0
Alès;44.12;4.08;11/09/2026;12:00;29.4;0;SOLEIL;21.0;46.8;0
Alès;44.12;4.08;11/09/2026;13:00;29.4;0;SOLEIL;19.1;39.6;0
Alès;44.12;4.08;11/09/2026;14:00;29.9;0;SOLEIL;19.2;37.8;0
Alès;44.12;4.08;11/09/2026;15:00;29.9;0;SOLEIL;19.1;37.4;0
Alès;44.12;4.08;11/09/2026;16:00;29.9;0;SOLEIL;16.2;36.4;0
Alès;44.12;4.08;11/09/2026;17:00;25.6;0;SOLEIL;17.0;34.2;0
Alès;44.12;4.08;11/09/2026;18:00;25.6;0;SOLEIL;20.2;37.4;0
Alès;44.12;4.08;11/09/2026;19:00;25.6;0;SOLEIL;19.3;41.8;0
Alès;44.12;4.08;11/09/2026;20:00;22.1;0;SOLEIL;15.0;35.3;0
Alès;44.12;4.08;11/09/2026;21:00;22.1;0;SOLEIL;14.2;27.7;0
Alès;44.12;4.08;11/09/2026;22:00;22.1;0;SOLEIL;14.7;27.4;0
Alès;44.12;4.08;11/09/2026;23:00;20.5;0;SOLEIL;14.8;28.1;0
Alès;44.12;4.08;12/09/2026;00:00;20.5;0;SOLEIL;13.8;27.7;0
Alès;44.12;4.08;12/09/2026;01:00;20.5;0;SOLEIL;13.0;25.6;0
Alès;44.12;4.08;12/09/2026;02:00;18.6;0;SOLEIL;12.1;23.8;0
Alès;44.12;4.08;12/09/2026;03:00;18.6;0;SOLEIL;12.0;22.3;0
Alès;44.12;4.08;12/09/2026;04:00;18.6;0;SOLEIL;11.5;22.0;0
Alès;44.12;4.08;12/09/2026;05:00;17.6;0;SOLEIL;8.4;20.2;0
Alès;44.12;4.08;12/09/2026;06:00;17.6;0;SOLEIL;7.4;14.8;0
Alès;44.12;4.08;12/09/2026;07:00;17.6;0;SOLEIL;7.7;13.3;0
Alès;44.12;4.08;12/09/2026;08:00;26;0;SOLEIL;8.4;15.1;0
Alès;44.12;4.08;12/09/2026;09:00;26;0;SOLEIL;10.4;19.4;0
Alès;44.12;4.08;12/09/2026;10:00;26;0;SOLEIL;13.5;25.6;0
Alès;44.12;4.08;12/09/2026;11:00;30.1;0;SOLEIL;18.8;36.0;0
Alès;44.12;4.08;12/09/2026;12:00;30.1;0;SOLEIL;18.7;36.2;0
Alès;44.12;4.08;12/09/2026;13:00;30.1;0;SOLEIL;17.9;34.6;0
Alès;44.12;4.08;12/09/2026;14:00;31.1;0;SOLEIL;14.9;31.4;0
Alès;44.12;4.08;12/09/2026;15:00;31.1;0;SOLEIL;15.2;28.8;0
Alès;44.12;4.08;12/09/2026;16:00;31.1;0;SOLEIL;17.7;32.8;0
Alès;44.12;4.08;12/09/2026;17:00;26.4;0;SOLEIL;20.6;37.8;0
Alès;44.12;4.08;12/09/2026;18:00;26.4;0;SOLEIL;22.1;40.3;0
Alès;44.12;4.08;12/09/2026;19:00;26.4;0;SOLEIL;21.0;40.7;0
Alès;44.12;4.08;12/09/2026;20:00;23.5;0;SOLEIL;15.8;37.8;0
Alès;44.12;4.08;12/09/2026;21:00;21.8;0;SOLEIL;10.8;28.4;0
Alès;44.12;4.08;12/09/2026;22:00;20.1;0;SOLEIL;7.2;19.1;0
Alès;44.12;4.08;12/09/2026;23:00;17.6;0;SOLEIL;6.9;12.6;0
Nîmes;43.83;4.36;10/09/2026;00:00;18.1;0;SOLEIL;3.1;6.1;0
Nîmes;43.83;4.36;10/09/2026;01:00;17.6;0;SOLEIL;1.3;5.4;0
Nîmes;43.83;4.36;10/09/2026;02:00;17.1;0;SOLEIL;1.6;6.5;0
Nîmes;43.83;4.36;10/09/2026;03:00;17.1;0;SOLEIL;5.2;9.4;0
Nîmes;43.83;4.36;10/09/2026;04:00;17.1;0;SOLEIL;8.9;16.9;0
Nîmes;43.83;4.36;10/09/2026;05:00;17.1;0;SOLEIL;11.6;25.2;0
Nîmes;43.83;4.36;10/09/2026;06:00;17.9;0;SOLEIL;10.6;25.9;0
Nîmes;43.83;4.36;10/09/2026;07:00;19.8;0;SOLEIL;13.8;26.3;0
Nîmes;43.83;4.36;10/09/2026;08:00;21.5;0;SOLEIL;13.7;27.7;0
Nîmes;43.83;4.36;10/09/2026;09:00;22.9;0;SOLEIL;11.6;26.3;0
Nîmes;43.83;4.36;10/09/2026;10:00;24.2;0;SOLEIL;10.0;22.3;0
Nîmes;43.83;4.36;10/09/2026;11:00;25.4;0;SOLEIL;12.7;26.3;0
Nîmes;43.83;4.36;10/09/2026;12:00;25.8;0;SOLEIL;23.0;45.4;0
Nîmes;43.83;4.36;10/09/2026;13:00;26.7;0;SOLEIL;20.6;46.4;0
Nîmes;43.83;4.36;10/09/2026;14:00;27.1;0;SOLEIL;23.3;43.9;0
Nîmes;43.83;4.36;10/09/2026;15:00;27.2;0;SOLEIL;18.9;46.4;0
Nîmes;43.83;4.36;10/09/2026;16:00;27.5;0;SOLEIL;18.6;38.5;0
Nîmes;43.83;4.36;10/09/2026;17:00;26.2;0;SOLEIL;17.2;38.5;0
Nîmes;43.83;4.36;10/09/2026;18:00;23.7;0;SOLEIL;15.7;34.2;0
Nîmes;43.83;4.36;10/09/2026;19:00;22.1;0;SOLEIL;15.4;30.6;0
Nîmes;43.83;4.36;10/09/2026;20:00;21.8;0;SOLEIL;17.7;34.2;0
Nîmes;43.83;4.36;10/09/2026;21:00;20.4;0;SOLEIL;14.4;35.6;0
Nîmes;43.83;4.36;10/09/2026;22:00;19.8;0;SOLEIL;13.6;32.4;0
Nîmes;43.83;4.36;10/09/2026;23:00;18.6;0;SOLEIL;16.1;31.3;0
Nîmes;43.83;4.36;11/09/2026;00:00;18;0;SOLEIL;15.7;31.0;0
Nîmes;43.83;4.36;11/09/2026;01:00;18;0;SOLEIL;20.1;38.9;0
Nîmes;43.83;4.36;11/09/2026;02:00;16.1;0;SOLEIL;19.1;38.9;0
Nîmes;43.83;4.36;11/09/2026;03:00;16.1;0;SOLEIL;18.9;36.7;0
Nîmes;43.83;4.36;11/09/2026;04:00;16.1;0;SOLEIL;17.9;36.7;0
Nîmes;43.83;4.36;11/09/2026;05:00;16.5;0;SOLEIL;16.1;34.6;0
Nîmes;43.83;4.36;11/09/2026;06:00;16.5;0;SOLEIL;17.4;33.5;0
Nîmes;43.83;4.36;11/09/2026;07:00;16.5;0;SOLEIL;18.0;36.0;0
Nîmes;43.83;4.36;11/09/2026;08:00;24.1;0;SOLEIL;19.7;38.5;0
Nîmes;43.83;4.36;11/09/2026;09:00;24.1;0;SOLEIL;23.0;46.1;0
Nîmes;43.83;4.36;11/09/2026;10:00;24.1;0;SOLEIL;22.9;44.6;0
Nîmes;43.83;4.36;11/09/2026;11:00;27.9;0;SOLEIL;24.6;49.7;0
Nîmes;43.83;4.36;11/09/2026;12:00;27.9;0;SOLEIL;28.4;58.3;0
Nîmes;43.83;4.36;11/09/2026;13:00;27.9;0;SOLEIL;25.9;58.0;0
Nîmes;43.83;4.36;11/09/2026;14:00;29.6;0;SOLEIL;23.8;51.5;0
Nîmes;43.83;4.36;11/09/2026;15:00;29.6;0;SOLEIL;24.1;49.3;0
Nîmes;43.83;4.36;11/09/2026;16:00;29.6;0;SOLEIL;24.1;49.0;0
Nîmes;43.83;4.36;11/09/2026;17:00;25.1;0;SOLEIL;24.3;48.6;0
Nîmes;43.83;4.36;11/09/2026;18:00;25.1;0;SOLEIL;23.7;49.0;0
Nîmes;43.83;4.36;11/09/2026;19:00;25.1;0;SOLEIL;22.6;47.5;0
Nîmes;43.83;4.36;11/09/2026;20:00;21.6;0;SOLEIL;17.3;43.6;0
Nîmes;43.83;4.36;11/09/2026;21:00;21.6;0;SOLEIL;13.5;32.8;0
Nîmes;43.83;4.36;11/09/2026;22:00;21.6;0;SOLEIL;16.5;31.7;0
Nîmes;43.83;4.36;11/09/2026;23:00;19.5;0;SOLEIL;13.9;30.2;0
Nîmes;43.83;4.36;12/09/2026;00:00;19.5;0;SOLEIL;15.6;30.2;0
Nîmes;43.83;4.36;12/09/2026;01:00;19.5;0;SOLEIL;16.2;31.7;0
Nîmes;43.83;4.36;12/09/2026;02:00;18.1;0;SOLEIL;16.2;31.3;0
Nîmes;43.83;4.36;12/09/2026;03:00;18.1;0;SOLEIL;15.8;31.7;0
Nîmes;43.83;4.36;12/09/2026;04:00;18.1;0;SOLEIL;15.2;29.9;0
Nîmes;43.83;4.36;12/09/2026;05:00;18.6;0;SOLEIL;15.1;30.6;0
Nîmes;43.83;4.36;12/09/2026;06:00;18.6;0;SOLEIL;13.6;28.4;0
Nîmes;43.83;4.36;12/09/2026;07:00;18.6;0;SOLEIL;15.6;29.5;0
Nîmes;43.83;4.36;12/09/2026;08:00;24.6;0;SOLEIL;15.2;30.2;0
Nîmes;43.83;4.36;12/09/2026;09:00;24.6;0;SOLEIL;14.6;29.5;0
Nîmes;43.83;4.36;12/09/2026;10:00;24.6;0;SOLEIL;15.4;30.6;0
Nîmes;43.83;4.36;12/09/2026;11:00;29;0;SOLEIL;18.7;37.1;0
Nîmes;43.83;4.36;12/09/2026;12:00;29;0;SOLEIL;21.7;42.8;0
Nîmes;43.83;4.36;12/09/2026;13:00;29;0;SOLEIL;20.1;42.8;0
Nîmes;43.83;4.36;12/09/2026;14:00;30.1;0;SOLEIL;19.9;39.7;0
Nîmes;43.83;4.36;12/09/2026;15:00;30.1;0;SOLEIL;20.3;38.9;0
Nîmes;43.83;4.36;12/09/2026;16:00;30.1;0;SOLEIL;19.7;38.2;0
Nîmes;43.83;4.36;12/09/2026;17:00;26.4;0;SOLEIL;19.5;36.4;0
Nîmes;43.83;4.36;12/09/2026;18:00;26.4;0;SOLEIL;21.3;38.9;0
Nîmes;43.83;4.36;12/09/2026;19:00;26.4;0;SOLEIL;22.9;41.4;0
Nîmes;43.83;4.36;12/09/2026;20:00;23.5;0;SOLEIL;20.2;41.4;0
Nîmes;43.83;4.36;12/09/2026;21:00;22.0;0;SOLEIL;18.7;36.4;0
Nîmes;43.83;4.36;12/09/2026;22:00;20.5;0;SOLEIL;18.0;33.5;0
Nîmes;43.83;4.36;12/09/2026;23:00;19.6;0;SOLEIL;16.6;32.0;0
Saint-Gaudens;43.1;0.72;10/09/2026;00:00;12.7;0;SOLEIL;7.6;14.8;0
Saint-Gaudens;43.1;0.72;10/09/2026;01:00;11.7;0;SOLEIL;6.9;13.0;0
Saint-Gaudens;43.1;0.72;10/09/2026;02:00;10.6;0;SOLEIL;5.8;16.9;0
Saint-Gaudens;43.1;0.72;10/09/2026;03:00;10.9;0;SOLEIL;9.3;20.2;0
Saint-Gaudens;43.1;0.72;10/09/2026;04:00;9.6;0;SOLEIL;15.5;28.8;0
Saint-Gaudens;43.1;0.72;10/09/2026;05:00;9.9;0;SOLEIL;17.6;34.2;0
Saint-Gaudens;43.1;0.72;10/09/2026;06:00;10.1;0;SOLEIL;10.5;17.3;0
Saint-Gaudens;43.1;0.72;10/09/2026;07:00;11.6;0;SOLEIL;13.2;22.7;0
Saint-Gaudens;43.1;0.72;10/09/2026;08:00;15.6;5;SOLEIL VOILÉ;10.0;15.8;0
Saint-Gaudens;43.1;0.72;10/09/2026;09:00;18.4;5;SOLEIL VOILÉ;10.9;17.6;0
Saint-Gaudens;43.1;0.72;10/09/2026;10:00;19.1;5;SOLEIL VOILÉ;12.7;22.7;0
Saint-Gaudens;43.1;0.72;10/09/2026;11:00;20.6;5;SOLEIL VOILÉ;12.3;25.9;0
Saint-Gaudens;43.1;0.72;10/09/2026;12:00;21.6;5;SOLEIL VOILÉ;10.6;22.7;0
Saint-Gaudens;43.1;0.72;10/09/2026;13:00;22.2;5;SOLEIL VOILÉ;9.8;20.2;0
Saint-Gaudens;43.1;0.72;10/09/2026;14:00;23;0;SOLEIL;10.0;20.5;0
Saint-Gaudens;43.1;0.72;10/09/2026;15:00;22.8;0;SOLEIL;7.2;19.8;0
Saint-Gaudens;43.1;0.72;10/09/2026;16:00;22.2;0;SOLEIL;6.4;24.1;0
Saint-Gaudens;43.1;0.72;10/09/2026;17:00;21.6;0;SOLEIL;8.4;20.9;0
Saint-Gaudens;43.1;0.72;10/09/2026;18:00;19.1;0;SOLEIL;8.3;19.4;0
Saint-Gaudens;43.1;0.72;10/09/2026;19:00;15.9;0;SOLEIL;6.2;14.4;0
Saint-Gaudens;43.1;0.72;10/09/2026;20:00;14.3;0;SOLEIL;6.9;12.6;0
Saint-Gaudens;43.1;0.72;10/09/2026;21:00;13;0;SOLEIL;5.4;10.3;0
Saint-Gaudens;43.1;0.72;10/09/2026;22:00;12.7;0;SOLEIL;5.2;9.9;0
Saint-Gaudens;43.1;0.72;10/09/2026;23:00;11.6;0;SOLEIL;4.1;6.3;0
Saint-Gaudens;43.1;0.72;11/09/2026;00:00;11.1;0;SOLEIL;5.2;7.2;0
Saint-Gaudens;43.1;0.72;11/09/2026;01:00;11.1;0;SOLEIL;5.8;8.3;0
Saint-Gaudens;43.1;0.72;11/09/2026;02:00;9.5;0;SOLEIL;4.7;7.9;0
Saint-Gaudens;43.1;0.72;11/09/2026;03:00;9.5;0;SOLEIL;4.4;6.5;0
Saint-Gaudens;43.1;0.72;11/09/2026;04:00;9.5;0;SOLEIL;6.3;6.1;0
Saint-Gaudens;43.1;0.72;11/09/2026;05:00;10;0;SOLEIL;5.6;5.8;0
Saint-Gaudens;43.1;0.72;11/09/2026;06:00;10;0;SOLEIL;5.5;7.6;0
Saint-Gaudens;43.1;0.72;11/09/2026;07:00;10;0;SOLEIL;5.6;7.2;0
Saint-Gaudens;43.1;0.72;11/09/2026;08:00;18.5;0;SOLEIL;4.6;6.8;0
Saint-Gaudens;43.1;0.72;11/09/2026;09:00;18.5;0;SOLEIL;5.4;9.4;0
Saint-Gaudens;43.1;0.72;11/09/2026;10:00;18.5;0;SOLEIL;4.7;10.8;0
Saint-Gaudens;43.1;0.72;11/09/2026;11:00;22.1;0;SOLEIL;4.3;11.9;0
Saint-Gaudens;43.1;0.72;11/09/2026;12:00;22.1;0;SOLEIL;3.9;14.0;0
Saint-Gaudens;43.1;0.72;11/09/2026;13:00;22.1;0;SOLEIL;5.1;16.9;0
Saint-Gaudens;43.1;0.72;11/09/2026;14:00;23.4;0;SOLEIL;5.2;17.3;0
Saint-Gaudens;43.1;0.72;11/09/2026;15:00;23.4;0;SOLEIL;6.9;19.8;0
Saint-Gaudens;43.1;0.72;11/09/2026;16:00;23.4;0;SOLEIL;6.2;19.4;0
Saint-Gaudens;43.1;0.72;11/09/2026;17:00;21;0;SOLEIL;4.3;18.4;0
Saint-Gaudens;43.1;0.72;11/09/2026;18:00;21;0;SOLEIL;6.1;19.1;0
Saint-Gaudens;43.1;0.72;11/09/2026;19:00;21;0;SOLEIL;7.2;15.8;0
Saint-Gaudens;43.1;0.72;11/09/2026;20:00;16.2;0;SOLEIL;5.4;14.8;0
Saint-Gaudens;43.1;0.72;11/09/2026;21:00;16.2;0;SOLEIL;3.2;8.6;0
Saint-Gaudens;43.1;0.72;11/09/2026;22:00;16.2;0;SOLEIL;3.8;5.0;0
Saint-Gaudens;43.1;0.72;11/09/2026;23:00;13.5;0;SOLEIL;4.5;5.4;0
Saint-Gaudens;43.1;0.72;12/09/2026;00:00;13.5;0;SOLEIL;5.1;7.6;0
Saint-Gaudens;43.1;0.72;12/09/2026;01:00;13.5;0;SOLEIL;5.2;7.2;0
Saint-Gaudens;43.1;0.72;12/09/2026;02:00;12.6;0;SOLEIL;4.9;4.7;0
Saint-Gaudens;43.1;0.72;12/09/2026;03:00;12.6;0;SOLEIL;5.2;6.8;0
Saint-Gaudens;43.1;0.72;12/09/2026;04:00;12.6;0;SOLEIL;6.2;8.3;0
Saint-Gaudens;43.1;0.72;12/09/2026;05:00;11.6;0;SOLEIL;6.2;9.7;0
Saint-Gaudens;43.1;0.72;12/09/2026;06:00;11.6;0;SOLEIL;3.3;10.4;0
Saint-Gaudens;43.1;0.72;12/09/2026;07:00;11.6;0;SOLEIL;6.5;10.4;0
Saint-Gaudens;43.1;0.72;12/09/2026;08:00;20.5;0;SOLEIL;5.9;10.1;0
Saint-Gaudens;43.1;0.72;12/09/2026;09:00;20.5;0;SOLEIL;5.8;10.1;0
Saint-Gaudens;43.1;0.72;12/09/2026;10:00;20.5;0;SOLEIL;5.6;11.2;0
Saint-Gaudens;43.1;0.72;12/09/2026;11:00;23.7;0;SOLEIL;5.4;14.0;0
Saint-Gaudens;43.1;0.72;12/09/2026;12:00;23.7;0;SOLEIL;3.5;13.8;0
Saint-Gaudens;43.1;0.72;12/09/2026;13:00;23.7;0;SOLEIL;5.4;18.2;0
Saint-Gaudens;43.1;0.72;12/09/2026;14:00;25.4;0;SOLEIL;4.3;17.2;0
Saint-Gaudens;43.1;0.72;12/09/2026;15:00;25.4;0;SOLEIL;4.7;17.3;0
Saint-Gaudens;43.1;0.72;12/09/2026;16:00;25.4;0;SOLEIL;6.0;18.4;0
Saint-Gaudens;43.1;0.72;12/09/2026;17:00;22.5;0;SOLEIL;6.2;18.7;0
Saint-Gaudens;43.1;0.72;12/09/2026;18:00;22.5;0;SOLEIL;5.0;17.6;0
Saint-Gaudens;43.1;0.72;12/09/2026;19:00;22.5;0;SOLEIL;1.8;14.4;0
Saint-Gaudens;43.1;0.72;12/09/2026;20:00;17.6;0;SOLEIL;3.9;7.2;0
Saint-Gaudens;43.1;0.72;12/09/2026;21:00;16.0;0;SOLEIL;5.1;5.8;0
Saint-Gaudens;43.1;0.72;12/09/2026;22:00;14.3;0;SOLEIL;6.1;6.1;0
Saint-Gaudens;43.1;0.72;12/09/2026;23:00;13.2;0;SOLEIL;7.1;7.6;0
Auch;43.64;0.58;10/09/2026;00:00;12.6;0;SOLEIL;9.8;22.0;0
Auch;43.64;0.58;10/09/2026;01:00;12.1;0;SOLEIL;10.4;19.8;0
Auch;43.64;0.58;10/09/2026;02:00;11.6;0;SOLEIL;10.5;24.1;0
Auch;43.64;0.58;10/09/2026;03:00;11.1;0;SOLEIL;10.9;22.7;0
Auch;43.64;0.58;10/09/2026;04:00;10.9;0;SOLEIL;17.4;38.5;0
Auch;43.64;0.58;10/09/2026;05:00;10.1;0;SOLEIL;12.7;29.9;0
Auch;43.64;0.58;10/09/2026;06:00;10.2;0;SOLEIL;15.4;33.8;0
Auch;43.64;0.58;10/09/2026;07:00;12.7;5;SOLEIL VOILÉ;8.2;29.9;0
Auch;43.64;0.58;10/09/2026;08:00;16.1;5;SOLEIL VOILÉ;11.1;19.4;0
Auch;43.64;0.58;10/09/2026;09:00;19.1;5;SOLEIL VOILÉ;9.8;20.5;0
Auch;43.64;0.58;10/09/2026;10:00;20.4;5;SOLEIL VOILÉ;9.8;20.2;0
Auch;43.64;0.58;10/09/2026;11:00;21.8;5;SOLEIL VOILÉ;12.5;23.8;0
Auch;43.64;0.58;10/09/2026;12:00;22.2;5;SOLEIL VOILÉ;13.4;26.3;0
Auch;43.64;0.58;10/09/2026;13:00;23.1;5;SOLEIL VOILÉ;11.0;26.6;0
Auch;43.64;0.58;10/09/2026;14:00;23.9;0;SOLEIL;11.0;25.2;0
Auch;43.64;0.58;10/09/2026;15:00;24.3;0;SOLEIL;12.0;24.1;0
Auch;43.64;0.58;10/09/2026;16:00;24.1;0;SOLEIL;11.1;24.5;0
Auch;43.64;0.58;10/09/2026;17:00;24;0;SOLEIL;12.3;25.6;0
Auch;43.64;0.58;10/09/2026;18:00;22;0;SOLEIL;14.2;28.4;0
Auch;43.64;0.58;10/09/2026;19:00;20.8;0;SOLEIL;9.9;27.7;0
Auch;43.64;0.58;10/09/2026;20:00;17.4;0;SOLEIL;8.5;19.8;0
Auch;43.64;0.58;10/09/2026;21:00;15.8;0;SOLEIL;5.4;15.5;0
Auch;43.64;0.58;10/09/2026;22:00;15.1;0;SOLEIL;4.9;9.4;0
Auch;43.64;0.58;10/09/2026;23:00;13.6;0;SOLEIL;4.0;8.6;0
Auch;43.64;0.58;11/09/2026;00:00;13.1;0;SOLEIL;2.4;6.8;0
Auch;43.64;0.58;11/09/2026;01:00;13.1;0;SOLEIL;3.7;7.2;0
Auch;43.64;0.58;11/09/2026;02:00;11.1;0;SOLEIL;3.1;6.8;0
Auch;43.64;0.58;11/09/2026;03:00;11.1;0;SOLEIL;1.5;6.1;0
Auch;43.64;0.58;11/09/2026;04:00;11.1;0;SOLEIL;2.0;5.4;0
Auch;43.64;0.58;11/09/2026;05:00;10.6;0;SOLEIL;2.6;5.4;0
Auch;43.64;0.58;11/09/2026;06:00;10.6;0;SOLEIL;2.9;6.1;0
Auch;43.64;0.58;11/09/2026;07:00;10.6;0;SOLEIL;2.7;6.1;0
Auch;43.64;0.58;11/09/2026;08:00;19;0;SOLEIL;3.0;6.5;0
Auch;43.64;0.58;11/09/2026;09:00;19;0;SOLEIL;1.8;6.1;0
Auch;43.64;0.58;11/09/2026;10:00;19;0;SOLEIL;0.7;4.3;0
Auch;43.64;0.58;11/09/2026;11:00;23.5;0;SOLEIL;4.5;10.4;0
Auch;43.64;0.58;11/09/2026;12:00;23.5;0;SOLEIL;5.2;12.2;0
Auch;43.64;0.58;11/09/2026;13:00;23.5;0;SOLEIL;4.7;12.2;0
Auch;43.64;0.58;11/09/2026;14:00;24.6;0;SOLEIL;4.9;12.6;0
Auch;43.64;0.58;11/09/2026;15:00;24.6;0;SOLEIL;6.0;13.3;0
Auch;43.64;0.58;11/09/2026;16:00;24.6;0;SOLEIL;5.5;11.9;0
Auch;43.64;0.58;11/09/2026;17:00;24;0;SOLEIL;7.8;16.9;0
Auch;43.64;0.58;11/09/2026;18:00;24;0;SOLEIL;7.4;17.6;0
Auch;43.64;0.58;11/09/2026;19:00;24;0;SOLEIL;2.9;17.6;0
Auch;43.64;0.58;11/09/2026;20:00;17.4;0;SOLEIL;2.5;6.1;0
Auch;43.64;0.58;11/09/2026;21:00;17.4;0;SOLEIL;2.6;5.4;0
Auch;43.64;0.58;11/09/2026;22:00;17.4;0;SOLEIL;3.0;6.8;0
Auch;43.64;0.58;11/09/2026;23:00;14.7;0;SOLEIL;3.9;7.2;0
Auch;43.64;0.58;12/09/2026;00:00;14.7;0;SOLEIL;3.4;7.6;0
Auch;43.64;0.58;12/09/2026;01:00;14.7;0;SOLEIL;2.3;6.5;0
Auch;43.64;0.58;12/09/2026;02:00;12.7;0;SOLEIL;3.0;6.1;0
Auch;43.64;0.58;12/09/2026;03:00;12.7;0;SOLEIL;3.1;6.1;0
Auch;43.64;0.58;12/09/2026;04:00;12.7;0;SOLEIL;3.1;5.8;0
Auch;43.64;0.58;12/09/2026;05:00;12.2;0;SOLEIL;3.0;6.1;0
Auch;43.64;0.58;12/09/2026;06:00;12.2;0;SOLEIL;3.1;6.5;0
Auch;43.64;0.58;12/09/2026;07:00;12.2;0;SOLEIL;3.0;6.1;0
Auch;43.64;0.58;12/09/2026;08:00;20;0;SOLEIL;3.7;7.2;0
Auch;43.64;0.58;12/09/2026;09:00;20;0;SOLEIL;3.6;7.2;0
Auch;43.64;0.58;12/09/2026;10:00;20;0;SOLEIL;3.7;9.0;0
Auch;43.64;0.58;12/09/2026;11:00;25.2;0;SOLEIL;6.5;13.7;0
Auch;43.64;0.58;12/09/2026;12:00;25.2;0;SOLEIL;7.7;16.7;0
Auch;43.64;0.58;12/09/2026;13:00;25.2;0;SOLEIL;8.8;18.2;0
Auch;43.64;0.58;12/09/2026;14:00;26.9;0;SOLEIL;9.8;18.9;0
Auch;43.64;0.58;12/09/2026;15:00;26.9;0;SOLEIL;10.7;20.5;0
Auch;43.64;0.58;12/09/2026;16:00;26.9;0;SOLEIL;10.7;21.2;0
Auch;43.64;0.58;12/09/2026;17:00;25;0;SOLEIL;10.7;20.5;0
Auch;43.64;0.58;12/09/2026;18:00;25;0;SOLEIL;11.0;20.5;0
Auch;43.64;0.58;12/09/2026;19:00;25;0;SOLEIL;10.4;20.9;0
Auch;43.64;0.58;12/09/2026;20:00;18.6;0;SOLEIL;5.2;18.7;0
Auch;43.64;0.58;12/09/2026;21:00;16.7;0;SOLEIL;2.3;9.4;0
Auch;43.64;0.58;12/09/2026;22:00;14.8;0;SOLEIL;2.3;4.3;0
Auch;43.64;0.58;12/09/2026;23:00;15.4;0;SOLEIL;3.1;5.0;0
Béziers;43.34;3.21;10/09/2026;00:00;17.4;0;SOLEIL;12.2;27.0;0
Béziers;43.34;3.21;10/09/2026;01:00;17.1;0;SOLEIL;12.6;21.6;0
Béziers;43.34;3.21;10/09/2026;02:00;16.9;0;SOLEIL;13.1;25.9;0
Béziers;43.34;3.21;10/09/2026;03:00;15.6;0;SOLEIL;5.4;15.8;0
Béziers;43.34;3.21;10/09/2026;04:00;15.2;0;SOLEIL;7.3;15.8;0
Béziers;43.34;3.21;10/09/2026;05:00;14.6;0;SOLEIL;16.2;15.5;0
Béziers;43.34;3.21;10/09/2026;06:00;16;0;SOLEIL;14.4;22.7;0
Béziers;43.34;3.21;10/09/2026;07:00;18.3;0;SOLEIL;14.2;29.5;0
Béziers;43.34;3.21;10/09/2026;08:00;21;0;SOLEIL;10.8;26.6;0
Béziers;43.34;3.21;10/09/2026;09:00;21.6;0;SOLEIL;27.1;46.4;0
Béziers;43.34;3.21;10/09/2026;10:00;23.7;0;SOLEIL;24.3;44.3;0
Béziers;43.34;3.21;10/09/2026;11:00;25.3;0;SOLEIL;20.3;38.5;0
Béziers;43.34;3.21;10/09/2026;12:00;25.7;0;SOLEIL;23.0;30.6;0
Béziers;43.34;3.21;10/09/2026;13:00;26.6;0;SOLEIL;18.7;33.8;0
Béziers;43.34;3.21;10/09/2026;14:00;27.6;0;SOLEIL;17.7;34.6;0
Béziers;43.34;3.21;10/09/2026;15:00;26.9;0;SOLEIL;25.1;38.9;0
Béziers;43.34;3.21;10/09/2026;16:00;27.2;0;SOLEIL;21.7;36.7;0
Béziers;43.34;3.21;10/09/2026;17:00;26.6;0;SOLEIL;30.7;45.4;0
Béziers;43.34;3.21;10/09/2026;18:00;24.2;0;SOLEIL;26.9;50.8;0
Béziers;43.34;3.21;10/09/2026;19:00;22.6;0;SOLEIL;26.7;45.0;0
Béziers;43.34;3.21;10/09/2026;20:00;21.7;0;SOLEIL;25.7;42.1;0
Béziers;43.34;3.21;10/09/2026;21:00;19.6;0;SOLEIL;24.2;41.0;0
Béziers;43.34;3.21;10/09/2026;22:00;19.1;0;SOLEIL;22.8;39.4;0
Béziers;43.34;3.21;10/09/2026;23:00;18.1;0;SOLEIL;22.2;37.7;0
Béziers;43.34;3.21;11/09/2026;00:00;16.1;0;SOLEIL;20.1;38.2;0
Béziers;43.34;3.21;11/09/2026;01:00;16.1;0;SOLEIL;15.5;33.1;0
Béziers;43.34;3.21;11/09/2026;02:00;13.1;0;SOLEIL;13.9;25.6;0
Béziers;43.34;3.21;11/09/2026;03:00;13.1;0;SOLEIL;14.5;23.4;0
Béziers;43.34;3.21;11/09/2026;04:00;13.1;0;SOLEIL;17.8;28.8;0
Béziers;43.34;3.21;11/09/2026;05:00;13.6;0;SOLEIL;19.7;31.3;0
Béziers;43.34;3.21;11/09/2026;06:00;13.6;0;SOLEIL;21.1;34.9;0
Béziers;43.34;3.21;11/09/2026;07:00;13.6;0;SOLEIL;21.4;36.0;0
Béziers;43.34;3.21;11/09/2026;08:00;23.4;0;SOLEIL;17.6;34.9;0
Béziers;43.34;3.21;11/09/2026;09:00;23.4;0;SOLEIL;17.6;29.5;0
Béziers;43.34;3.21;11/09/2026;10:00;23.4;0;SOLEIL;21.7;36.7;0
Béziers;43.34;3.21;11/09/2026;11:00;26.9;0;SOLEIL;22.7;39.6;0
Béziers;43.34;3.21;11/09/2026;12:00;26.9;0;SOLEIL;19.9;39.6;0
Béziers;43.34;3.21;11/09/2026;13:00;26.9;0;SOLEIL;23.8;42.1;0
Béziers;43.34;3.21;11/09/2026;14:00;28.4;0;SOLEIL;21.9;43.2;0
Béziers;43.34;3.21;11/09/2026;15:00;28.4;0;SOLEIL;21.7;40.0;0
Béziers;43.34;3.21;11/09/2026;16:00;28.4;0;SOLEIL;22.4;41.0;0
Béziers;43.34;3.21;11/09/2026;17:00;24.5;0;SOLEIL;26.5;45.0;0
Béziers;43.34;3.21;11/09/2026;18:00;24.5;0;SOLEIL;22.7;45.0;0
Béziers;43.34;3.21;11/09/2026;19:00;24.5;0;SOLEIL;24.3;41.4;0
Béziers;43.34;3.21;11/09/2026;20:00;20.6;0;SOLEIL;21.9;40.7;0
Béziers;43.34;3.21;11/09/2026;21:00;20.6;0;SOLEIL;16.0;37.1;0
Béziers;43.34;3.21;11/09/2026;22:00;20.6;0;SOLEIL;14.1;25.9;0
Béziers;43.34;3.21;11/09/2026;23:00;18.7;0;SOLEIL;12.7;21.6;0
Béziers;43.34;3.21;12/09/2026;00:00;18.7;0;SOLEIL;11.5;19.4;0
Béziers;43.34;3.21;12/09/2026;01:00;18.7;0;SOLEIL;7.6;18.0;0
Béziers;43.34;3.21;12/09/2026;02:00;17.2;0;SOLEIL;8.9;13.3;0
Béziers;43.34;3.21;12/09/2026;03:00;17.2;0;SOLEIL;7.9;13.3;0
Béziers;43.34;3.21;12/09/2026;04:00;17.2;0;SOLEIL;8.3;13.3;0
Béziers;43.34;3.21;12/09/2026;05:00;16.9;0;SOLEIL;7.6;14.4;0
Béziers;43.34;3.21;12/09/2026;06:00;16.9;0;SOLEIL;6.8;13.0;0
Béziers;43.34;3.21;12/09/2026;07:00;16.9;0;SOLEIL;4.9;11.2;0
Béziers;43.34;3.21;12/09/2026;08:00;23.2;0;SOLEIL;7.2;11.5;0
Béziers;43.34;3.21;12/09/2026;09:00;23.2;0;SOLEIL;8.0;13.7;0
Béziers;43.34;3.21;12/09/2026;10:00;23.2;0;SOLEIL;11.2;20.5;0
Béziers;43.34;3.21;12/09/2026;11:00;27.1;0;SOLEIL;11.6;22.0;0
Béziers;43.34;3.21;12/09/2026;12:00;27.1;0;SOLEIL;6.4;22.7;0
Béziers;43.34;3.21;12/09/2026;13:00;27.1;0;SOLEIL;11.6;25.6;0
Béziers;43.34;3.21;12/09/2026;14:00;29.5;0;SOLEIL;13.9;29.6;0
Béziers;43.34;3.21;12/09/2026;15:00;29.5;0;SOLEIL;14.7;31.7;0
Béziers;43.34;3.21;12/09/2026;16:00;29.5;0;SOLEIL;15.1;31.3;0
Béziers;43.34;3.21;12/09/2026;17:00;26.9;0;SOLEIL;16.1;31.7;0
Béziers;43.34;3.21;12/09/2026;18:00;26.9;0;SOLEIL;17.7;32.4;0
Béziers;43.34;3.21;12/09/2026;19:00;26.9;0;SOLEIL;17.7;31.7;0
Béziers;43.34;3.21;12/09/2026;20:00;22.1;0;SOLEIL;17.9;29.2;0
Béziers;43.34;3.21;12/09/2026;21:00;20.6;0;SOLEIL;22.9;32.8;0
Béziers;43.34;3.21;12/09/2026;22:00;19.1;0;SOLEIL;20.6;33.5;0
Béziers;43.34;3.21;12/09/2026;23:00;16.5;0;SOLEIL;20.3;29.5;0
Montpellier;43.61;3.87;10/09/2026;00:00;19.4;0;SOLEIL;6.6;13.7;0
Montpellier;43.61;3.87;10/09/2026;01:00;19;0;SOLEIL;2.3;12.2;0
Montpellier;43.61;3.87;10/09/2026;02:00;18.5;0;SOLEIL;3.1;4.7;0
Montpellier;43.61;3.87;10/09/2026;03:00;18.6;0;SOLEIL;5.0;9.0;0
Montpellier;43.61;3.87;10/09/2026;04:00;18;0;SOLEIL;7.0;13.7;0
Montpellier;43.61;3.87;10/09/2026;05:00;17.5;0;SOLEIL;5.5;14.0;0
Montpellier;43.61;3.87;10/09/2026;06:00;18;0;SOLEIL;4.8;11.5;0
Montpellier;43.61;3.87;10/09/2026;07:00;20.4;0;SOLEIL;5.2;11.2;0
Montpellier;43.61;3.87;10/09/2026;08:00;21.6;0;SOLEIL;6.5;11.2;0
Montpellier;43.61;3.87;10/09/2026;09:00;22.6;0;SOLEIL;10.8;21.2;0
Montpellier;43.61;3.87;10/09/2026;10:00;24.2;0;SOLEIL;12.3;25.6;0
Montpellier;43.61;3.87;10/09/2026;11:00;26.1;0;SOLEIL;16.7;30.6;0
Montpellier;43.61;3.87;10/09/2026;12:00;26.9;0;SOLEIL;20.8;42.8;0
Montpellier;43.61;3.87;10/09/2026;13:00;28.2;0;SOLEIL;20.0;42.8;0
Montpellier;43.61;3.87;10/09/2026;14:00;29.1;0;SOLEIL;15.6;41.0;0
Montpellier;43.61;3.87;10/09/2026;15:00;29.1;0;SOLEIL;13.3;32.0;0
Montpellier;43.61;3.87;10/09/2026;16:00;28.4;0;SOLEIL;13.3;27.0;0
Montpellier;43.61;3.87;10/09/2026;17:00;27.7;0;SOLEIL;6.1;26.3;0
Montpellier;43.61;3.87;10/09/2026;18:00;26.7;0;SOLEIL;6.5;14.0;0
Montpellier;43.61;3.87;10/09/2026;19:00;25;0;SOLEIL;5.9;15.1;0
Montpellier;43.61;3.87;10/09/2026;20:00;23.5;0;SOLEIL;4.8;12.6;0
Montpellier;43.61;3.87;10/09/2026;21:00;22.4;0;SOLEIL;2.9;10.8;0
Montpellier;43.61;3.87;10/09/2026;22:00;21.6;0;SOLEIL;3.5;6.8;0
Montpellier;43.61;3.87;10/09/2026;23:00;20.5;0;SOLEIL;5.5;10.1;0
Montpellier;43.61;3.87;11/09/2026;00:00;19.6;0;SOLEIL;8.8;16.9;0
Montpellier;43.61;3.87;11/09/2026;01:00;19.6;0;SOLEIL;7.9;18.0;0
Montpellier;43.61;3.87;11/09/2026;02:00;17.5;0;SOLEIL;9.2;18.0;0
Montpellier;43.61;3.87;11/09/2026;03:00;17.5;0;SOLEIL;11.5;22.7;0
Montpellier;43.61;3.87;11/09/2026;04:00;17.5;0;SOLEIL;11.8;23.4;0
Montpellier;43.61;3.87;11/09/2026;05:00;16.6;0;SOLEIL;12.1;23.8;0
Montpellier;43.61;3.87;11/09/2026;06:00;16.6;0;SOLEIL;12.6;25.2;0
Montpellier;43.61;3.87;11/09/2026;07:00;16.6;0;SOLEIL;13.0;25.9;0
Montpellier;43.61;3.87;11/09/2026;08:00;23.6;0;SOLEIL;12.9;25.9;0
Montpellier;43.61;3.87;11/09/2026;09:00;23.6;0;SOLEIL;13.1;26.6;0
Montpellier;43.61;3.87;11/09/2026;10:00;23.6;0;SOLEIL;14.5;29.5;0
Montpellier;43.61;3.87;11/09/2026;11:00;27.5;0;SOLEIL;15.8;33.1;0
Montpellier;43.61;3.87;11/09/2026;12:00;27.5;0;SOLEIL;13.3;32.8;0
Montpellier;43.61;3.87;11/09/2026;13:00;27.5;0;SOLEIL;13.1;28.4;0
Montpellier;43.61;3.87;11/09/2026;14:00;30.1;0;SOLEIL;10.5;28.4;0
Montpellier;43.61;3.87;11/09/2026;15:00;30.1;0;SOLEIL;9.8;23.0;0
Montpellier;43.61;3.87;11/09/2026;16:00;30.1;0;SOLEIL;10.0;22.7;0
Montpellier;43.61;3.87;11/09/2026;17:00;27.9;0;SOLEIL;13.1;27.7;0
Montpellier;43.61;3.87;11/09/2026;18:00;27.9;0;SOLEIL;11.5;28.8;0
Montpellier;43.61;3.87;11/09/2026;19:00;27.9;0;SOLEIL;11.6;24.5;0
Montpellier;43.61;3.87;11/09/2026;20:00;23.5;0;SOLEIL;10.7;23.4;0
Montpellier;43.61;3.87;11/09/2026;21:00;23.5;0;SOLEIL;10.1;21.2;0
Montpellier;43.61;3.87;11/09/2026;22:00;23.5;0;SOLEIL;6.3;20.2;0
Montpellier;43.61;3.87;11/09/2026;23:00;21.4;0;SOLEIL;4.4;10.4;0
Montpellier;43.61;3.87;12/09/2026;00:00;21.4;0;SOLEIL;4.8;9.0;0
Montpellier;43.61;3.87;12/09/2026;01:00;21.4;0;SOLEIL;5.3;10.1;0
Montpellier;43.61;3.87;12/09/2026;02:00;19.6;0;SOLEIL;6.0;11.5;0
Montpellier;43.61;3.87;12/09/2026;03:00;19.6;0;SOLEIL;6.0;11.5;0
Montpellier;43.61;3.87;12/09/2026;04:00;19.6;0;SOLEIL;6.6;12.6;0
Montpellier;43.61;3.87;12/09/2026;05:00;18.7;0;SOLEIL;6.2;12.6;0
Montpellier;43.61;3.87;12/09/2026;06:00;18.7;0;SOLEIL;5.6;11.5;0
Montpellier;43.61;3.87;12/09/2026;07:00;18.7;0;SOLEIL;5.6;10.8;0
Montpellier;43.61;3.87;12/09/2026;08:00;25.2;0;SOLEIL;5.4;10.8;0
Montpellier;43.61;3.87;12/09/2026;09:00;25.2;0;SOLEIL;4.7;10.1;0
Montpellier;43.61;3.87;12/09/2026;10:00;25.2;0;SOLEIL;6.9;14.4;0
Montpellier;43.61;3.87;12/09/2026;11:00;29.4;0;SOLEIL;5.5;15.1;0
Montpellier;43.61;3.87;12/09/2026;12:00;29.4;0;SOLEIL;2.5;12.5;0
Montpellier;43.61;3.87;12/09/2026;13:00;29.4;0;SOLEIL;3.4;9.5;0
Montpellier;43.61;3.87;12/09/2026;14:00;30.9;0;SOLEIL;4.4;11.1;0
Montpellier;43.61;3.87;12/09/2026;15:00;30.9;0;SOLEIL;4.2;9.4;0
Montpellier;43.61;3.87;12/09/2026;16:00;30.9;0;SOLEIL;6.3;15.1;0
Montpellier;43.61;3.87;12/09/2026;17:00;27.7;0;SOLEIL;10.8;24.5;0
Montpellier;43.61;3.87;12/09/2026;18:00;27.7;0;SOLEIL;9.4;23.0;0
Montpellier;43.61;3.87;12/09/2026;19:00;27.7;0;SOLEIL;7.3;19.1;0
Montpellier;43.61;3.87;12/09/2026;20:00;24.1;0;SOLEIL;6.0;13.3;0
Montpellier;43.61;3.87;12/09/2026;21:00;22.6;0;SOLEIL;4.7;9.7;0
Montpellier;43.61;3.87;12/09/2026;22:00;21.1;0;SOLEIL;4.6;9.4;0
Montpellier;43.61;3.87;12/09/2026;23:00;21.1;0;SOLEIL;3.4;9.0;0
Cahors;44.44;1.44;10/09/2026;00:00;12;0;SOLEIL;4.3;7.6;0
Cahors;44.44;1.44;10/09/2026;01:00;11.2;0;SOLEIL;8.0;14.0;0
Cahors;44.44;1.44;10/09/2026;02:00;10.2;0;SOLEIL;18.8;29.2;0
Cahors;44.44;1.44;10/09/2026;03:00;9.4;0;SOLEIL;16.3;35.6;0
Cahors;44.44;1.44;10/09/2026;04:00;9.1;0;SOLEIL;16.4;34.9;0
Cahors;44.44;1.44;10/09/2026;05:00;8.5;0;SOLEIL;13.1;25.9;0
Cahors;44.44;1.44;10/09/2026;06:00;8.5;0;SOLEIL;13.5;24.5;0
Cahors;44.44;1.44;10/09/2026;07:00;11.3;0;SOLEIL;8.7;24.8;0
Cahors;44.44;1.44;10/09/2026;08:00;15.5;0;SOLEIL;14.1;26.3;0
Cahors;44.44;1.44;10/09/2026;09:00;19;0;SOLEIL;12.5;27.4;0
Cahors;44.44;1.44;10/09/2026;10:00;21;0;SOLEIL;13.8;25.6;0
Cahors;44.44;1.44;10/09/2026;11:00;22.4;5;SOLEIL VOILÉ;14.0;27.7;0
Cahors;44.44;1.44;10/09/2026;12:00;22.7;0;SOLEIL;16.1;30.6;0
Cahors;44.44;1.44;10/09/2026;13:00;23.4;0;SOLEIL;14.8;30.6;0
Cahors;44.44;1.44;10/09/2026;14:00;24.1;0;SOLEIL;16.1;32.4;0
Cahors;44.44;1.44;10/09/2026;15:00;24.8;0;SOLEIL;15.0;32.0;0
Cahors;44.44;1.44;10/09/2026;16:00;25.6;0;SOLEIL;18.2;34.9;0
Cahors;44.44;1.44;10/09/2026;17:00;24.6;0;SOLEIL;17.6;36.4;0
Cahors;44.44;1.44;10/09/2026;18:00;21.6;0;SOLEIL;13.5;31.0;0
Cahors;44.44;1.44;10/09/2026;19:00;19.1;0;SOLEIL;14.2;29.5;0
Cahors;44.44;1.44;10/09/2026;20:00;16.6;0;SOLEIL;11.7;27.0;0
Cahors;44.44;1.44;10/09/2026;21:00;14.8;0;SOLEIL;7.4;19.8;0
Cahors;44.44;1.44;10/09/2026;22:00;13.5;0;SOLEIL;4.8;12.6;0
Cahors;44.44;1.44;10/09/2026;23:00;12.6;0;SOLEIL;4.3;8.6;0
Cahors;44.44;1.44;11/09/2026;00:00;11.2;0;SOLEIL;3.7;7.6;0
Cahors;44.44;1.44;11/09/2026;01:00;11.2;0;SOLEIL;2.6;6.5;0
Cahors;44.44;1.44;11/09/2026;02:00;8.6;0;SOLEIL;2.6;4.7;0
Cahors;44.44;1.44;11/09/2026;03:00;8.6;0;SOLEIL;2.7;5.0;0
Cahors;44.44;1.44;11/09/2026;04:00;8.6;0;SOLEIL;2.5;5.4;0
Cahors;44.44;1.44;11/09/2026;05:00;8;0;SOLEIL;2.1;4.0;0
Cahors;44.44;1.44;11/09/2026;06:00;8;0;SOLEIL;2.3;4.0;0
Cahors;44.44;1.44;11/09/2026;07:00;8;0;SOLEIL;1.6;3.6;0
Cahors;44.44;1.44;11/09/2026;08:00;19.1;0;SOLEIL;1.8;3.2;0
Cahors;44.44;1.44;11/09/2026;09:00;19.1;0;SOLEIL;2.3;5.0;0
Cahors;44.44;1.44;11/09/2026;10:00;19.1;0;SOLEIL;6.0;11.5;0
Cahors;44.44;1.44;11/09/2026;11:00;24.6;0;SOLEIL;9.6;19.1;0
Cahors;44.44;1.44;11/09/2026;12:00;24.6;0;SOLEIL;10.6;21.6;0
Cahors;44.44;1.44;11/09/2026;13:00;24.6;0;SOLEIL;13.1;25.6;0
Cahors;44.44;1.44;11/09/2026;14:00;26;0;SOLEIL;13.0;28.4;0
Cahors;44.44;1.44;11/09/2026;15:00;26;0;SOLEIL;12.9;28.4;0
Cahors;44.44;1.44;11/09/2026;16:00;26;0;SOLEIL;10.8;28.4;0
Cahors;44.44;1.44;11/09/2026;17:00;22.6;0;SOLEIL;12.0;28.1;0
Cahors;44.44;1.44;11/09/2026;18:00;22.6;0;SOLEIL;12.6;27.7;0
Cahors;44.44;1.44;11/09/2026;19:00;22.6;0;SOLEIL;5.9;23.0;0
Cahors;44.44;1.44;11/09/2026;20:00;16.9;0;SOLEIL;5.5;15.8;0
Cahors;44.44;1.44;11/09/2026;21:00;16.9;0;SOLEIL;3.3;9.4;0
Cahors;44.44;1.44;11/09/2026;22:00;16.9;0;SOLEIL;2.3;5.0;0
Cahors;44.44;1.44;11/09/2026;23:00;13.2;0;SOLEIL;2.8;5.8;0
Cahors;44.44;1.44;12/09/2026;00:00;13.2;0;SOLEIL;1.6;4.3;0
Cahors;44.44;1.44;12/09/2026;01:00;13.2;0;SOLEIL;0.5;2.5;0
Cahors;44.44;1.44;12/09/2026;02:00;10.9;0;SOLEIL;0.7;2.2;0
Cahors;44.44;1.44;12/09/2026;03:00;10.9;0;SOLEIL;1.3;2.2;0
Cahors;44.44;1.44;12/09/2026;04:00;10.9;0;SOLEIL;1.1;2.9;0
Cahors;44.44;1.44;12/09/2026;05:00;9.9;0;SOLEIL;1.4;2.5;0
Cahors;44.44;1.44;12/09/2026;06:00;9.9;0;SOLEIL;1.1;2.5;0
Cahors;44.44;1.44;12/09/2026;07:00;9.9;0;SOLEIL;1.1;2.2;0
Cahors;44.44;1.44;12/09/2026;08:00;20.6;0;SOLEIL;1.0;1.8;0
Cahors;44.44;1.44;12/09/2026;09:00;20.6;0;SOLEIL;1.1;2.9;0
Cahors;44.44;1.44;12/09/2026;10:00;20.6;0;SOLEIL;1.3;4.0;0
Cahors;44.44;1.44;12/09/2026;11:00;26.1;0;SOLEIL;2.4;6.5;0
Cahors;44.44;1.44;12/09/2026;12:00;26.1;0;SOLEIL;6.5;13.4;0
Cahors;44.44;1.44;12/09/2026;13:00;26.1;0;SOLEIL;9.8;20.0;0
Cahors;44.44;1.44;12/09/2026;14:00;27.6;0;SOLEIL;11.7;23.6;0
Cahors;44.44;1.44;12/09/2026;15:00;27.6;0;SOLEIL;12.2;25.2;0
Cahors;44.44;1.44;12/09/2026;16:00;27.6;0;SOLEIL;12.7;25.6;0
Cahors;44.44;1.44;12/09/2026;17:00;24.4;0;SOLEIL;12.5;25.9;0
Cahors;44.44;1.44;12/09/2026;18:00;24.4;0;SOLEIL;12.7;25.2;0
Cahors;44.44;1.44;12/09/2026;19:00;24.4;0;SOLEIL;10.8;25.2;0
Cahors;44.44;1.44;12/09/2026;20:00;17.6;0;SOLEIL;6.9;20.9;0
Cahors;44.44;1.44;12/09/2026;21:00;15.5;0;SOLEIL;3.9;13.3;0
Cahors;44.44;1.44;12/09/2026;22:00;13.3;0;SOLEIL;3.6;7.6;0
Cahors;44.44;1.44;12/09/2026;23:00;13.4;0;SOLEIL;4.4;7.9;0
Saint-Céré;44.86;1.89;10/09/2026;00:00;10.6;0;SOLEIL;2.6;3.6;0
Saint-Céré;44.86;1.89;10/09/2026;01:00;9.9;0;SOLEIL;9.9;15.5;0
Saint-Céré;44.86;1.89;10/09/2026;02:00;9.6;0;SOLEIL;21.3;22.0;0
Saint-Céré;44.86;1.89;10/09/2026;03:00;8.9;0;SOLEIL;16.6;40.0;0
Saint-Céré;44.86;1.89;10/09/2026;04:00;8.5;0;SOLEIL;13.4;29.5;0
Saint-Céré;44.86;1.89;10/09/2026;05:00;8.4;0;SOLEIL;8.7;24.1;0
Saint-Céré;44.86;1.89;10/09/2026;06:00;9;0;SOLEIL;13.2;22.0;0
Saint-Céré;44.86;1.89;10/09/2026;07:00;11.3;0;SOLEIL;10.5;24.1;0
Saint-Céré;44.86;1.89;10/09/2026;08:00;13.9;0;SOLEIL;12.6;23.0;0
Saint-Céré;44.86;1.89;10/09/2026;09:00;16.7;0;SOLEIL;10.7;22.7;0
Saint-Céré;44.86;1.89;10/09/2026;10:00;18.3;0;SOLEIL;13.9;23.4;0
Saint-Céré;44.86;1.89;10/09/2026;11:00;20.7;0;SOLEIL;13.6;23.8;0
Saint-Céré;44.86;1.89;10/09/2026;12:00;21.7;0;SOLEIL;19.5;33.5;0
Saint-Céré;44.86;1.89;10/09/2026;13:00;23.1;0;SOLEIL;17.9;33.5;0
Saint-Céré;44.86;1.89;10/09/2026;14:00;24.1;0;SOLEIL;18.6;32.4;0
Saint-Céré;44.86;1.89;10/09/2026;15:00;24.1;0;SOLEIL;17.9;32.8;0
Saint-Céré;44.86;1.89;10/09/2026;16:00;25.1;0;SOLEIL;20.0;33.1;0
Saint-Céré;44.86;1.89;10/09/2026;17:00;23.9;0;SOLEIL;18.6;37.1;0
Saint-Céré;44.86;1.89;10/09/2026;18:00;21.3;0;SOLEIL;17.6;33.8;0
Saint-Céré;44.86;1.89;10/09/2026;19:00;17.9;0;SOLEIL;18.4;31.7;0
Saint-Céré;44.86;1.89;10/09/2026;20:00;15.6;0;SOLEIL;12.7;28.8;0
Saint-Céré;44.86;1.89;10/09/2026;21:00;13.8;0;SOLEIL;4.8;20.2;0
Saint-Céré;44.86;1.89;10/09/2026;22:00;12.7;0;SOLEIL;3.0;6.8;0
Saint-Céré;44.86;1.89;10/09/2026;23:00;11.7;0;SOLEIL;1.1;4.0;0
Saint-Céré;44.86;1.89;11/09/2026;00:00;10.6;0;SOLEIL;3.4;4.7;0
Saint-Céré;44.86;1.89;11/09/2026;01:00;10.6;0;SOLEIL;3.7;5.8;0
Saint-Céré;44.86;1.89;11/09/2026;02:00;7.6;0;SOLEIL;4.0;6.1;0
Saint-Céré;44.86;1.89;11/09/2026;03:00;7.6;0;SOLEIL;3.3;6.1;0
Saint-Céré;44.86;1.89;11/09/2026;04:00;7.6;0;SOLEIL;1.5;4.7;0
Saint-Céré;44.86;1.89;11/09/2026;05:00;7.7;0;SOLEIL;3.0;4.3;0
Saint-Céré;44.86;1.89;11/09/2026;06:00;7.7;0;SOLEIL;3.2;5.0;0
Saint-Céré;44.86;1.89;11/09/2026;07:00;7.7;0;SOLEIL;4.0;6.5;0
Saint-Céré;44.86;1.89;11/09/2026;08:00;18;0;SOLEIL;3.3;5.8;0
Saint-Céré;44.86;1.89;11/09/2026;09:00;18;0;SOLEIL;0.5;5.0;0
Saint-Céré;44.86;1.89;11/09/2026;10:00;18;0;SOLEIL;3.8;7.6;0
Saint-Céré;44.86;1.89;11/09/2026;11:00;24.1;0;SOLEIL;8.0;14.4;0
Saint-Céré;44.86;1.89;11/09/2026;12:00;24.1;0;SOLEIL;8.9;16.2;0
Saint-Céré;44.86;1.89;11/09/2026;13:00;24.1;0;SOLEIL;12.0;21.2;0
Saint-Céré;44.86;1.89;11/09/2026;14:00;26.1;0;SOLEIL;14.3;25.2;0
Saint-Céré;44.86;1.89;11/09/2026;15:00;26.1;0;SOLEIL;9.6;23.8;0
Saint-Céré;44.86;1.89;11/09/2026;16:00;26.1;0;SOLEIL;16.7;29.2;0
Saint-Céré;44.86;1.89;11/09/2026;17:00;22.5;0;SOLEIL;18.1;31.3;0
Saint-Céré;44.86;1.89;11/09/2026;18:00;22.5;0;SOLEIL;16.8;30.6;0
Saint-Céré;44.86;1.89;11/09/2026;19:00;22.5;0;SOLEIL;13.5;28.8;0
Saint-Céré;44.86;1.89;11/09/2026;20:00;15.5;0;SOLEIL;9.2;22.0;0
Saint-Céré;44.86;1.89;11/09/2026;21:00;15.5;0;SOLEIL;3.0;13.7;0
Saint-Céré;44.86;1.89;11/09/2026;22:00;15.5;0;SOLEIL;5.4;8.3;0
Saint-Céré;44.86;1.89;11/09/2026;23:00;12.1;0;SOLEIL;6.8;11.2;0
Saint-Céré;44.86;1.89;12/09/2026;00:00;12.1;0;SOLEIL;6.9;11.5;0
Saint-Céré;44.86;1.89;12/09/2026;01:00;12.1;0;SOLEIL;6.2;11.5;0
Saint-Céré;44.86;1.89;12/09/2026;02:00;9.7;0;SOLEIL;6.5;10.8;0
Saint-Céré;44.86;1.89;12/09/2026;03:00;9.7;0;SOLEIL;5.8;10.8;0
Saint-Céré;44.86;1.89;12/09/2026;04:00;9.7;0;SOLEIL;5.8;10.1;0
Saint-Céré;44.86;1.89;12/09/2026;05:00;9.7;0;SOLEIL;4.4;9.0;0
Saint-Céré;44.86;1.89;12/09/2026;06:00;9.7;0;SOLEIL;5.1;7.9;0
Saint-Céré;44.86;1.89;12/09/2026;07:00;9.7;0;SOLEIL;5.8;9.4;0
Saint-Céré;44.86;1.89;12/09/2026;08:00;18.7;0;SOLEIL;5.4;9.4;0
Saint-Céré;44.86;1.89;12/09/2026;09:00;18.7;0;SOLEIL;2.6;8.6;0
Saint-Céré;44.86;1.89;12/09/2026;10:00;18.7;0;SOLEIL;3.3;6.8;0
Saint-Céré;44.86;1.89;12/09/2026;11:00;25.7;0;SOLEIL;2.9;7.2;0
Saint-Céré;44.86;1.89;12/09/2026;12:00;25.7;0;SOLEIL;6.5;12.8;0
Saint-Céré;44.86;1.89;12/09/2026;13:00;25.7;0;SOLEIL;9.6;17.8;0
Saint-Céré;44.86;1.89;12/09/2026;14:00;27.6;0;SOLEIL;11.7;21.7;0
Saint-Céré;44.86;1.89;12/09/2026;15:00;27.6;0;SOLEIL;12.3;23.8;0
Saint-Céré;44.86;1.89;12/09/2026;16:00;27.6;0;SOLEIL;13.2;24.8;0
Saint-Céré;44.86;1.89;12/09/2026;17:00;23.5;0;SOLEIL;13.4;25.6;0
Saint-Céré;44.86;1.89;12/09/2026;18:00;23.5;0;SOLEIL;13.6;25.6;0
Saint-Céré;44.86;1.89;12/09/2026;19:00;23.5;0;SOLEIL;11.2;24.8;0
Saint-Céré;44.86;1.89;12/09/2026;20:00;17.3;0;SOLEIL;4.6;20.2;0
Saint-Céré;44.86;1.89;12/09/2026;21:00;15.2;0;SOLEIL;4.6;8.6;0
Saint-Céré;44.86;1.89;12/09/2026;22:00;13.0;0;SOLEIL;2.4;6.5;0
Saint-Céré;44.86;1.89;12/09/2026;23:00;12.6;0;SOLEIL;1.5;5.4;0
Mende;44.51;3.5;10/09/2026;00:00;10;0;SOLEIL;9.8;20.9;0
Mende;44.51;3.5;10/09/2026;01:00;9.2;0;SOLEIL;5.4;12.2;0
Mende;44.51;3.5;10/09/2026;02:00;9.5;0;SOLEIL;3.9;13.0;0
Mende;44.51;3.5;10/09/2026;03:00;8.6;0;SOLEIL;5.0;10.1;0
Mende;44.51;3.5;10/09/2026;04:00;8.8;0;SOLEIL;4.3;10.8;0
Mende;44.51;3.5;10/09/2026;05:00;9.4;0;SOLEIL;6.4;9.7;0
Mende;44.51;3.5;10/09/2026;06:00;9.4;0;SOLEIL;8.6;19.1;0
Mende;44.51;3.5;10/09/2026;07:00;11.7;0;SOLEIL;4.8;15.5;0
Mende;44.51;3.5;10/09/2026;08:00;15;0;SOLEIL;9.7;24.8;0
Mende;44.51;3.5;10/09/2026;09:00;16.2;0;SOLEIL;7.9;20.2;0
Mende;44.51;3.5;10/09/2026;10:00;18.3;0;SOLEIL;10.5;20.5;0
Mende;44.51;3.5;10/09/2026;11:00;19.8;0;SOLEIL;8.1;22.0;0
Mende;44.51;3.5;10/09/2026;12:00;19.9;0;SOLEIL;10.4;20.9;0
Mende;44.51;3.5;10/09/2026;13:00;21.2;0;SOLEIL;14.2;26.3;0
Mende;44.51;3.5;10/09/2026;14:00;21.2;0;SOLEIL;13.4;27.0;0
Mende;44.51;3.5;10/09/2026;15:00;22.5;0;SOLEIL;13.0;25.9;0
Mende;44.51;3.5;10/09/2026;16:00;21.6;0;SOLEIL;14.0;27.4;0
Mende;44.51;3.5;10/09/2026;17:00;19.4;0;SOLEIL;16.1;30.2;0
Mende;44.51;3.5;10/09/2026;18:00;17.6;0;SOLEIL;15.0;29.9;0
Mende;44.51;3.5;10/09/2026;19:00;15.6;0;SOLEIL;14.1;29.5;0
Mende;44.51;3.5;10/09/2026;20:00;13.5;0;SOLEIL;13.7;25.2;0
Mende;44.51;3.5;10/09/2026;21:00;11.4;0;SOLEIL;13.4;26.6;0
Mende;44.51;3.5;10/09/2026;22:00;10.2;0;SOLEIL;10.7;25.6;0
Mende;44.51;3.5;10/09/2026;23:00;9;0;SOLEIL;8.2;19.4;0
Mende;44.51;3.5;11/09/2026;00:00;7.6;0;SOLEIL;7.1;16.2;0
Mende;44.51;3.5;11/09/2026;01:00;7.6;0;SOLEIL;6.9;14.0;0
Mende;44.51;3.5;11/09/2026;02:00;6.1;0;SOLEIL;6.5;12.6;0
Mende;44.51;3.5;11/09/2026;03:00;6.1;0;SOLEIL;6.9;13.0;0
Mende;44.51;3.5;11/09/2026;04:00;6.1;0;SOLEIL;9.5;18.4;0
Mende;44.51;3.5;11/09/2026;05:00;6.4;0;SOLEIL;10.9;21.6;0
Mende;44.51;3.5;11/09/2026;06:00;6.4;0;SOLEIL;9.2;21.2;0
Mende;44.51;3.5;11/09/2026;07:00;6.4;0;SOLEIL;9.2;18.7;0
Mende;44.51;3.5;11/09/2026;08:00;18.1;0;SOLEIL;10.0;19.8;0
Mende;44.51;3.5;11/09/2026;09:00;18.1;0;SOLEIL;12.9;23.4;0
Mende;44.51;3.5;11/09/2026;10:00;18.1;0;SOLEIL;16.9;31.0;0
Mende;44.51;3.5;11/09/2026;11:00;22.6;0;SOLEIL;18.6;34.6;0
Mende;44.51;3.5;11/09/2026;12:00;22.6;0;SOLEIL;18.4;34.2;0
Mende;44.51;3.5;11/09/2026;13:00;22.6;0;SOLEIL;19.5;36.7;0
Mende;44.51;3.5;11/09/2026;14:00;24;0;SOLEIL;20.2;37.8;0
Mende;44.51;3.5;11/09/2026;15:00;24;0;SOLEIL;16.8;37.4;0
Mende;44.51;3.5;11/09/2026;16:00;24;0;SOLEIL;17.2;32.4;0
Mende;44.51;3.5;11/09/2026;17:00;19.1;0;SOLEIL;18.3;33.5;0
Mende;44.51;3.5;11/09/2026;18:00;19.1;0;SOLEIL;17.9;33.8;0
Mende;44.51;3.5;11/09/2026;19:00;19.1;0;SOLEIL;16.9;32.8;0
Mende;44.51;3.5;11/09/2026;20:00;13.2;0;SOLEIL;12.1;29.5;0
Mende;44.51;3.5;11/09/2026;21:00;13.2;0;SOLEIL;9.3;23.0;0
Mende;44.51;3.5;11/09/2026;22:00;13.2;0;SOLEIL;7.5;18.4;0
Mende;44.51;3.5;11/09/2026;23:00;11.6;0;SOLEIL;7.0;15.1;0
Mende;44.51;3.5;12/09/2026;00:00;11.6;0;SOLEIL;5.4;13.7;0
Mende;44.51;3.5;12/09/2026;01:00;11.6;0;SOLEIL;4.8;11.2;0
Mende;44.51;3.5;12/09/2026;02:00;8.1;0;SOLEIL;6.6;13.7;0
Mende;44.51;3.5;12/09/2026;03:00;8.1;0;SOLEIL;6.3;14.4;0
Mende;44.51;3.5;12/09/2026;04:00;8.1;0;SOLEIL;6.1;13.7;0
Mende;44.51;3.5;12/09/2026;05:00;7.5;0;SOLEIL;6.1;13.7;0
Mende;44.51;3.5;12/09/2026;06:00;7.5;0;SOLEIL;6.6;12.6;0
Mende;44.51;3.5;12/09/2026;07:00;7.5;0;SOLEIL;5.0;12.2;0
Mende;44.51;3.5;12/09/2026;08:00;18.7;0;SOLEIL;4.2;10.1;0
Mende;44.51;3.5;12/09/2026;09:00;18.7;0;SOLEIL;4.1;9.0;0
Mende;44.51;3.5;12/09/2026;10:00;18.7;0;SOLEIL;6.1;13.0;0
Mende;44.51;3.5;12/09/2026;11:00;24.1;0;SOLEIL;7.9;15.1;0
Mende;44.51;3.5;12/09/2026;12:00;24.1;0;SOLEIL;14.9;29.8;0
Mende;44.51;3.5;12/09/2026;13:00;24.1;0;SOLEIL;14.7;31.7;0
Mende;44.51;3.5;12/09/2026;14:00;26.1;0;SOLEIL;13.7;31.4;0
Mende;44.51;3.5;12/09/2026;15:00;26.1;0;SOLEIL;14.0;32.8;0
Mende;44.51;3.5;12/09/2026;16:00;26.1;0;SOLEIL;14.2;33.5;0
Mende;44.51;3.5;12/09/2026;17:00;21;0;SOLEIL;14.4;33.5;0
Mende;44.51;3.5;12/09/2026;18:00;21;0;SOLEIL;15.0;34.2;0
Mende;44.51;3.5;12/09/2026;19:00;21;0;SOLEIL;14.5;34.2;0
Mende;44.51;3.5;12/09/2026;20:00;15.3;0;SOLEIL;10.8;31.7;0
Mende;44.51;3.5;12/09/2026;21:00;13.0;0;SOLEIL;8.3;23.0;0
Mende;44.51;3.5;12/09/2026;22:00;10.7;0;SOLEIL;5.9;19.8;0
Mende;44.51;3.5;12/09/2026;23:00;10.2;0;SOLEIL;5.8;14.0;0
Tarbes;43.23;0.07;10/09/2026;00:00;14.4;0;SOLEIL;8.1;17.6;0
Tarbes;43.23;0.07;10/09/2026;01:00;13.4;0;SOLEIL;8.3;17.6;0
Tarbes;43.23;0.07;10/09/2026;02:00;12.6;0;SOLEIL;7.6;17.6;0
Tarbes;43.23;0.07;10/09/2026;03:00;11.6;0;SOLEIL;11.3;24.1;0
Tarbes;43.23;0.07;10/09/2026;04:00;11.5;0;SOLEIL;14.8;31.3;0
Tarbes;43.23;0.07;10/09/2026;05:00;11;0;SOLEIL;9.7;31.3;0
Tarbes;43.23;0.07;10/09/2026;06:00;11;5;SOLEIL VOILÉ;8.6;19.4;0
Tarbes;43.23;0.07;10/09/2026;07:00;13;5;SOLEIL VOILÉ;8.2;18.4;0
Tarbes;43.23;0.07;10/09/2026;08:00;15.8;5;SOLEIL VOILÉ;5.9;16.9;0
Tarbes;43.23;0.07;10/09/2026;09:00;17.9;5;SOLEIL VOILÉ;5.1;11.9;0
Tarbes;43.23;0.07;10/09/2026;10:00;19.3;5;SOLEIL VOILÉ;6.9;15.5;0
Tarbes;43.23;0.07;10/09/2026;11:00;21;5;SOLEIL VOILÉ;5.8;16.6;0
Tarbes;43.23;0.07;10/09/2026;12:00;21.4;5;SOLEIL VOILÉ;4.3;14.0;0
Tarbes;43.23;0.07;10/09/2026;13:00;22.4;0;SOLEIL;2.9;11.2;0
Tarbes;43.23;0.07;10/09/2026;14:00;22.6;0;SOLEIL;4.9;11.5;0
Tarbes;43.23;0.07;10/09/2026;15:00;22.5;0;SOLEIL;6.9;17.3;0
Tarbes;43.23;0.07;10/09/2026;16:00;22.6;0;SOLEIL;9.7;17.6;0
Tarbes;43.23;0.07;10/09/2026;17:00;21.5;0;SOLEIL;9.0;19.4;0
Tarbes;43.23;0.07;10/09/2026;18:00;19.5;0;SOLEIL;9.0;19.8;0
Tarbes;43.23;0.07;10/09/2026;19:00;16.3;0;SOLEIL;8.6;17.3;0
Tarbes;43.23;0.07;10/09/2026;20:00;14.8;0;SOLEIL;4.7;16.9;0
Tarbes;43.23;0.07;10/09/2026;21:00;14.2;0;SOLEIL;3.3;10.1;0
Tarbes;43.23;0.07;10/09/2026;22:00;13.4;0;SOLEIL;1.9;6.5;0
Tarbes;43.23;0.07;10/09/2026;23:00;13;0;SOLEIL;0.5;3.6;0
Tarbes;43.23;0.07;11/09/2026;00:00;12.6;0;SOLEIL;2.0;4.0;0
Tarbes;43.23;0.07;11/09/2026;01:00;12.6;0;SOLEIL;4.2;9.0;0
Tarbes;43.23;0.07;11/09/2026;02:00;11.6;0;SOLEIL;4.2;9.4;0
Tarbes;43.23;0.07;11/09/2026;03:00;11.6;0;SOLEIL;4.0;9.0;0
Tarbes;43.23;0.07;11/09/2026;04:00;11.6;0;SOLEIL;4.7;10.1;0
Tarbes;43.23;0.07;11/09/2026;05:00;11.5;0;SOLEIL;4.7;10.1;0
Tarbes;43.23;0.07;11/09/2026;06:00;11.5;0;SOLEIL;4.7;9.7;0
Tarbes;43.23;0.07;11/09/2026;07:00;11.5;0;SOLEIL;5.0;9.7;0
Tarbes;43.23;0.07;11/09/2026;08:00;18.1;0;SOLEIL;5.1;7.6;0
Tarbes;43.23;0.07;11/09/2026;09:00;18.1;0;SOLEIL;4.3;10.4;0
Tarbes;43.23;0.07;11/09/2026;10:00;18.1;0;SOLEIL;1.1;8.3;0
Tarbes;43.23;0.07;11/09/2026;11:00;21.2;0;SOLEIL;0.8;5.0;0
Tarbes;43.23;0.07;11/09/2026;12:00;21.2;0;SOLEIL;6.0;15.1;0
Tarbes;43.23;0.07;11/09/2026;13:00;21.2;0;SOLEIL;7.3;16.2;0
Tarbes;43.23;0.07;11/09/2026;14:00;22.7;0;SOLEIL;7.4;15.1;0
Tarbes;43.23;0.07;11/09/2026;15:00;22.7;0;SOLEIL;8.4;11.9;0
Tarbes;43.23;0.07;11/09/2026;16:00;22.7;0;SOLEIL;7.7;11.9;0
Tarbes;43.23;0.07;11/09/2026;17:00;20.7;0;SOLEIL;8.4;12.2;0
Tarbes;43.23;0.07;11/09/2026;18:00;20.7;0;SOLEIL;6.9;12.2;0
Tarbes;43.23;0.07;11/09/2026;19:00;20.7;0;SOLEIL;5.6;10.1;0
Tarbes;43.23;0.07;11/09/2026;20:00;15.9;0;SOLEIL;2.9;10.4;0
Tarbes;43.23;0.07;11/09/2026;21:00;15.9;0;SOLEIL;1.8;6.5;0
Tarbes;43.23;0.07;11/09/2026;22:00;15.9;0;SOLEIL;0.8;4.0;0
Tarbes;43.23;0.07;11/09/2026;23:00;14.5;0;SOLEIL;3.6;7.6;0
Tarbes;43.23;0.07;12/09/2026;00:00;14.5;0;SOLEIL;4.7;9.7;0
Tarbes;43.23;0.07;12/09/2026;01:00;14.5;0;SOLEIL;5.0;10.1;0
Tarbes;43.23;0.07;12/09/2026;02:00;12.5;0;SOLEIL;4.7;10.4;0
Tarbes;43.23;0.07;12/09/2026;03:00;12.5;0;SOLEIL;5.1;10.1;0
Tarbes;43.23;0.07;12/09/2026;04:00;12.5;0;SOLEIL;5.1;9.4;0
Tarbes;43.23;0.07;12/09/2026;05:00;12.6;0;SOLEIL;5.1;9.0;0
Tarbes;43.23;0.07;12/09/2026;06:00;12.6;0;SOLEIL;5.5;10.1;0
Tarbes;43.23;0.07;12/09/2026;07:00;12.6;0;SOLEIL;5.2;10.1;0
Tarbes;43.23;0.07;12/09/2026;08:00;20.6;0;SOLEIL;5.1;10.1;0
Tarbes;43.23;0.07;12/09/2026;09:00;20.6;0;SOLEIL;4.4;8.6;0
Tarbes;43.23;0.07;12/09/2026;10:00;20.6;0;SOLEIL;2.9;7.6;0
Tarbes;43.23;0.07;12/09/2026;11:00;23.5;0;SOLEIL;2.9;8.6;0
Tarbes;43.23;0.07;12/09/2026;12:00;23.5;0;SOLEIL;3.9;9.5;0
Tarbes;43.23;0.07;12/09/2026;13:00;23.5;0;SOLEIL;5.6;10.8;0
Tarbes;43.23;0.07;12/09/2026;14:00;25.1;0;SOLEIL;5.5;13.3;0
Tarbes;43.23;0.07;12/09/2026;15:00;25.1;0;SOLEIL;5.5;14.0;0
Tarbes;43.23;0.07;12/09/2026;16:00;25.1;0;SOLEIL;5.6;15.5;0
Tarbes;43.23;0.07;12/09/2026;17:00;22.5;0;SOLEIL;7.3;16.6;0
Tarbes;43.23;0.07;12/09/2026;18:00;22.5;0;SOLEIL;9.4;20.5;0
Tarbes;43.23;0.07;12/09/2026;19:00;22.5;0;SOLEIL;8.6;20.9;0
Tarbes;43.23;0.07;12/09/2026;20:00;18.0;0;SOLEIL;3.6;18.4;0
Tarbes;43.23;0.07;12/09/2026;21:00;16.5;0;SOLEIL;1.3;7.6;0
Tarbes;43.23;0.07;12/09/2026;22:00;15.0;0;SOLEIL;3.9;7.2;0
Tarbes;43.23;0.07;12/09/2026;23:00;15.6;0;SOLEIL;5.2;10.4;0
Font-Romeu;42.5;2.04;10/09/2026;00:00;7;0;SOLEIL;8.5;12.2;0
Font-Romeu;42.5;2.04;10/09/2026;01:00;6.4;0;SOLEIL;10.8;23.8;0
Font-Romeu;42.5;2.04;10/09/2026;02:00;6.6;0;SOLEIL;1.8;17.3;0
Font-Romeu;42.5;2.04;10/09/2026;03:00;6.4;0;SOLEIL;5.1;16.6;0
Font-Romeu;42.5;2.04;10/09/2026;04:00;7;0;SOLEIL;8.0;10.8;0
Font-Romeu;42.5;2.04;10/09/2026;05:00;6.1;0;SOLEIL;7.5;9.0;0
Font-Romeu;42.5;2.04;10/09/2026;06:00;6.4;0;SOLEIL;11.6;11.9;0
Font-Romeu;42.5;2.04;10/09/2026;07:00;8.8;0;SOLEIL;13.5;44.6;0
Font-Romeu;42.5;2.04;10/09/2026;08:00;11.4;0;SOLEIL;13.8;46.4;0
Font-Romeu;42.5;2.04;10/09/2026;09:00;12.6;0;SOLEIL;18.6;35.3;0
Font-Romeu;42.5;2.04;10/09/2026;10:00;14.9;0;SOLEIL;9.4;22.7;0
Font-Romeu;42.5;2.04;10/09/2026;11:00;16.8;0;SOLEIL;11.5;28.1;0
Font-Romeu;42.5;2.04;10/09/2026;12:00;18.2;0;SOLEIL;15.0;39.6;0
Font-Romeu;42.5;2.04;10/09/2026;13:00;18.6;0;SOLEIL;9.7;15.1;0
Font-Romeu;42.5;2.04;10/09/2026;14:00;18.9;0;SOLEIL;11.5;20.9;0
Font-Romeu;42.5;2.04;10/09/2026;15:00;18.5;5;SOLEIL VOILÉ;13.3;32.0;0
Font-Romeu;42.5;2.04;10/09/2026;16:00;18.7;0;SOLEIL;13.4;32.8;0
Font-Romeu;42.5;2.04;10/09/2026;17:00;16.4;0;SOLEIL;18.5;37.1;0
Font-Romeu;42.5;2.04;10/09/2026;18:00;14.2;0;SOLEIL;2.8;7.2;0
Font-Romeu;42.5;2.04;10/09/2026;19:00;11.9;0;SOLEIL;15.9;34.6;0
Font-Romeu;42.5;2.04;10/09/2026;20:00;10.9;0;SOLEIL;14.2;32.4;0
Font-Romeu;42.5;2.04;10/09/2026;21:00;11.1;0;SOLEIL;13.9;29.5;0
Font-Romeu;42.5;2.04;10/09/2026;22:00;10;0;SOLEIL;16.3;32.2;0
Font-Romeu;42.5;2.04;10/09/2026;23:00;10;0;SOLEIL;14.9;32.3;0
Font-Romeu;42.5;2.04;11/09/2026;00:00;9.2;0;SOLEIL;16.2;31.0;0
Font-Romeu;42.5;2.04;11/09/2026;01:00;9.2;0;SOLEIL;16.9;33.8;0
Font-Romeu;42.5;2.04;11/09/2026;02:00;7.1;0;SOLEIL;12.2;34.9;0
Font-Romeu;42.5;2.04;11/09/2026;03:00;7.1;0;SOLEIL;7.8;21.2;0
Font-Romeu;42.5;2.04;11/09/2026;04:00;7.1;0;SOLEIL;9.3;13.7;0
Font-Romeu;42.5;2.04;11/09/2026;05:00;8.1;0;SOLEIL;16.7;30.2;0
Font-Romeu;42.5;2.04;11/09/2026;06:00;8.1;0;SOLEIL;19.2;36.7;0
Font-Romeu;42.5;2.04;11/09/2026;07:00;8.1;0;SOLEIL;17.7;36.7;0
Font-Romeu;42.5;2.04;11/09/2026;08:00;16.5;0;SOLEIL;10.9;32.0;0
Font-Romeu;42.5;2.04;11/09/2026;09:00;16.5;0;SOLEIL;13.4;25.9;0
Font-Romeu;42.5;2.04;11/09/2026;10:00;16.5;0;SOLEIL;15.3;32.4;0
Font-Romeu;42.5;2.04;11/09/2026;11:00;19.4;0;SOLEIL;17.2;34.9;0
Font-Romeu;42.5;2.04;11/09/2026;12:00;19.4;0;SOLEIL;16.3;36.7;0
Font-Romeu;42.5;2.04;11/09/2026;13:00;19.4;0;SOLEIL;9.2;34.2;0
Font-Romeu;42.5;2.04;11/09/2026;14:00;17.4;0;SOLEIL;7.1;13.0;0
Font-Romeu;42.5;2.04;11/09/2026;15:00;17.4;0;SOLEIL;10.4;20.2;0
Font-Romeu;42.5;2.04;11/09/2026;16:00;17.4;0;SOLEIL;10.5;25.2;0
Font-Romeu;42.5;2.04;11/09/2026;17:00;13;0;SOLEIL;12.3;26.6;0
Font-Romeu;42.5;2.04;11/09/2026;18:00;13;0;SOLEIL;11.2;26.3;0
Font-Romeu;42.5;2.04;11/09/2026;19:00;13;0;SOLEIL;12.5;24.8;0
Font-Romeu;42.5;2.04;11/09/2026;20:00;9.7;0;SOLEIL;8.4;25.6;0
Font-Romeu;42.5;2.04;11/09/2026;21:00;9.7;0;SOLEIL;5.2;15.5;0
Font-Romeu;42.5;2.04;11/09/2026;22:00;9.7;0;SOLEIL;4.0;7.9;0
Font-Romeu;42.5;2.04;11/09/2026;23:00;8.4;0;SOLEIL;3.4;5.0;0
Font-Romeu;42.5;2.04;12/09/2026;00:00;8.4;0;SOLEIL;6.4;10.4;0
Font-Romeu;42.5;2.04;12/09/2026;01:00;8.4;0;SOLEIL;4.1;9.7;0
Font-Romeu;42.5;2.04;12/09/2026;02:00;7.4;0;SOLEIL;5.4;8.6;0
Font-Romeu;42.5;2.04;12/09/2026;03:00;7.4;0;SOLEIL;5.4;9.4;0
Font-Romeu;42.5;2.04;12/09/2026;04:00;7.4;0;SOLEIL;5.4;8.6;0
Font-Romeu;42.5;2.04;12/09/2026;05:00;6.9;0;SOLEIL;5.6;8.6;0
Font-Romeu;42.5;2.04;12/09/2026;06:00;6.9;0;SOLEIL;6.2;8.6;0
Font-Romeu;42.5;2.04;12/09/2026;07:00;6.9;0;SOLEIL;4.8;9.0;0
Font-Romeu;42.5;2.04;12/09/2026;08:00;15.1;0;SOLEIL;3.9;7.2;0
Font-Romeu;42.5;2.04;12/09/2026;09:00;15.1;0;SOLEIL;2.6;5.8;0
Font-Romeu;42.5;2.04;12/09/2026;10:00;15.1;0;SOLEIL;3.1;8.3;0
Font-Romeu;42.5;2.04;12/09/2026;11:00;18.4;0;SOLEIL;7.0;16.6;0
Font-Romeu;42.5;2.04;12/09/2026;12:00;18.4;0;SOLEIL;7.4;18.5;0
Font-Romeu;42.5;2.04;12/09/2026;13:00;18.4;0;SOLEIL;8.1;20.7;0
Font-Romeu;42.5;2.04;12/09/2026;14:00;18.5;0;SOLEIL;6.4;21.1;0
Font-Romeu;42.5;2.04;12/09/2026;15:00;18.5;0;SOLEIL;8.8;24.5;0
Font-Romeu;42.5;2.04;12/09/2026;16:00;18.5;0;SOLEIL;13.0;29.2;0
Font-Romeu;42.5;2.04;12/09/2026;17:00;13.5;0;SOLEIL;13.2;29.5;0
Font-Romeu;42.5;2.04;12/09/2026;18:00;13.5;0;SOLEIL;7.9;27.7;0
Font-Romeu;42.5;2.04;12/09/2026;19:00;13.5;0;SOLEIL;6.3;20.2;0
Font-Romeu;42.5;2.04;12/09/2026;20:00;12.1;0;SOLEIL;8.3;14.8;0
Font-Romeu;42.5;2.04;12/09/2026;21:00;10.7;0;SOLEIL;7.4;14.4;0
Font-Romeu;42.5;2.04;12/09/2026;22:00;9.2;0;SOLEIL;5.9;9.7;0
Font-Romeu;42.5;2.04;12/09/2026;23:00;9.1;0;SOLEIL;7.2;8.6;0
Perpignan;42.69;2.89;10/09/2026;00:00;19.4;0;SOLEIL;10.0;32.8;0
Perpignan;42.69;2.89;10/09/2026;01:00;19.1;0;SOLEIL;11.4;25.6;0
Perpignan;42.69;2.89;10/09/2026;02:00;18.6;0;SOLEIL;10.8;34.2;0
Perpignan;42.69;2.89;10/09/2026;03:00;18.4;0;SOLEIL;10.6;32.8;0
Perpignan;42.69;2.89;10/09/2026;04:00;18.3;0;SOLEIL;12.5;27.4;0
Perpignan;42.69;2.89;10/09/2026;05:00;17.7;0;SOLEIL;12.8;33.5;0
Perpignan;42.69;2.89;10/09/2026;06:00;18.1;0;SOLEIL;18.7;50.0;0
Perpignan;42.69;2.89;10/09/2026;07:00;19.6;0;SOLEIL;23.5;40.7;0
Perpignan;42.69;2.89;10/09/2026;08:00;21.3;0;SOLEIL;27.9;63.7;0
Perpignan;42.69;2.89;10/09/2026;09:00;22.2;0;SOLEIL;25.3;58.7;0
Perpignan;42.69;2.89;10/09/2026;10:00;23.5;0;SOLEIL;16.0;35.6;0
Perpignan;42.69;2.89;10/09/2026;11:00;24.2;0;SOLEIL;20.3;35.3;0
Perpignan;42.69;2.89;10/09/2026;12:00;25;0;SOLEIL;19.3;45.0;0
Perpignan;42.69;2.89;10/09/2026;13:00;25.6;0;SOLEIL;18.2;47.2;0
Perpignan;42.69;2.89;10/09/2026;14:00;26.6;0;SOLEIL;22.4;52.9;0
Perpignan;42.69;2.89;10/09/2026;15:00;26.5;0;SOLEIL;17.4;49.7;0
Perpignan;42.69;2.89;10/09/2026;16:00;26.2;0;SOLEIL;19.6;39.6;0
Perpignan;42.69;2.89;10/09/2026;17:00;24.9;0;SOLEIL;22.5;50.8;0
Perpignan;42.69;2.89;10/09/2026;18:00;24.1;0;SOLEIL;27.5;51.5;0
Perpignan;42.69;2.89;10/09/2026;19:00;23.3;0;SOLEIL;28.3;51.8;0
Perpignan;42.69;2.89;10/09/2026;20:00;22.8;0;SOLEIL;27.1;52.6;0
Perpignan;42.69;2.89;10/09/2026;21:00;21.9;0;SOLEIL;27.1;53.0;0
Perpignan;42.69;2.89;10/09/2026;22:00;21.5;0;SOLEIL;27.2;54.4;0
Perpignan;42.69;2.89;10/09/2026;23:00;21.2;0;SOLEIL;29.3;57.2;0
Perpignan;42.69;2.89;11/09/2026;00:00;20.1;0;SOLEIL;25.7;58.0;0
Perpignan;42.69;2.89;11/09/2026;01:00;20.1;0;SOLEIL;25.9;53.3;0
Perpignan;42.69;2.89;11/09/2026;02:00;17.7;0;SOLEIL;23.5;49.3;0
Perpignan;42.69;2.89;11/09/2026;03:00;17.7;0;SOLEIL;20.9;45.0;0
Perpignan;42.69;2.89;11/09/2026;04:00;17.7;0;SOLEIL;19.6;39.6;0
Perpignan;42.69;2.89;11/09/2026;05:00;17.5;0;SOLEIL;23.7;45.0;0
Perpignan;42.69;2.89;11/09/2026;06:00;17.5;0;SOLEIL;21.9;46.1;0
Perpignan;42.69;2.89;11/09/2026;07:00;17.5;0;SOLEIL;21.7;41.4;0
Perpignan;42.69;2.89;11/09/2026;08:00;24.2;0;SOLEIL;23.3;45.0;0
Perpignan;42.69;2.89;11/09/2026;09:00;24.2;0;SOLEIL;24.2;46.8;0
Perpignan;42.69;2.89;11/09/2026;10:00;24.2;0;SOLEIL;28.0;52.6;0
Perpignan;42.69;2.89;11/09/2026;11:00;26.9;0;SOLEIL;31.3;58.7;0
Perpignan;42.69;2.89;11/09/2026;12:00;26.9;0;SOLEIL;31.8;60.1;0
Perpignan;42.69;2.89;11/09/2026;13:00;26.9;0;SOLEIL;28.3;59.8;0
Perpignan;42.69;2.89;11/09/2026;14:00;27.6;0;SOLEIL;24.7;54.7;0
Perpignan;42.69;2.89;11/09/2026;15:00;27.6;0;SOLEIL;25.5;49.3;0
Perpignan;42.69;2.89;11/09/2026;16:00;27.6;0;SOLEIL;22.7;49.7;0
Perpignan;42.69;2.89;11/09/2026;17:00;25.2;0;SOLEIL;23.1;45.4;0
Perpignan;42.69;2.89;11/09/2026;18:00;25.2;0;SOLEIL;22.9;45.4;0
Perpignan;42.69;2.89;11/09/2026;19:00;25.2;0;SOLEIL;20.9;44.3;0
Perpignan;42.69;2.89;11/09/2026;20:00;23;0;SOLEIL;16.5;40.7;0
Perpignan;42.69;2.89;11/09/2026;21:00;23;0;SOLEIL;15.3;32.4;0
Perpignan;42.69;2.89;11/09/2026;22:00;23;0;SOLEIL;14.8;31.0;0
Perpignan;42.69;2.89;11/09/2026;23:00;22.1;0;SOLEIL;13.0;28.1;0
Perpignan;42.69;2.89;12/09/2026;00:00;22.1;0;SOLEIL;12.6;24.1;0
Perpignan;42.69;2.89;12/09/2026;01:00;22.1;0;SOLEIL;11.7;23.0;0
Perpignan;42.69;2.89;12/09/2026;02:00;20;0;SOLEIL;11.4;20.5;0
Perpignan;42.69;2.89;12/09/2026;03:00;20;0;SOLEIL;11.9;20.9;0
Perpignan;42.69;2.89;12/09/2026;04:00;20;0;SOLEIL;12.6;21.2;0
Perpignan;42.69;2.89;12/09/2026;05:00;20;0;SOLEIL;11.3;21.2;0
Perpignan;42.69;2.89;12/09/2026;06:00;20;0;SOLEIL;8.8;19.1;0
Perpignan;42.69;2.89;12/09/2026;07:00;20;0;SOLEIL;9.5;14.0;0
Perpignan;42.69;2.89;12/09/2026;08:00;25.1;0;SOLEIL;9.1;14.8;0
Perpignan;42.69;2.89;12/09/2026;09:00;25.1;0;SOLEIL;12.2;24.5;0
Perpignan;42.69;2.89;12/09/2026;10:00;25.1;0;SOLEIL;18.3;35.3;0
Perpignan;42.69;2.89;12/09/2026;11:00;27.7;0;SOLEIL;17.8;35.6;0
Perpignan;42.69;2.89;12/09/2026;12:00;27.7;0;SOLEIL;16.4;35.2;0
Perpignan;42.69;2.89;12/09/2026;13:00;27.7;0;SOLEIL;18.4;36.7;0
Perpignan;42.69;2.89;12/09/2026;14:00;28.1;0;SOLEIL;19.4;38.0;0
Perpignan;42.69;2.89;12/09/2026;15:00;28.1;0;SOLEIL;19.7;38.9;0
Perpignan;42.69;2.89;12/09/2026;16:00;28.1;0;SOLEIL;19.4;38.9;0
Perpignan;42.69;2.89;12/09/2026;17:00;26.5;0;SOLEIL;20.2;38.5;0
Perpignan;42.69;2.89;12/09/2026;18:00;26.5;0;SOLEIL;22.1;39.6;0
Perpignan;42.69;2.89;12/09/2026;19:00;26.5;0;SOLEIL;23.1;39.6;0
Perpignan;42.69;2.89;12/09/2026;20:00;23.6;0;SOLEIL;23.0;39.2;0
Perpignan;42.69;2.89;12/09/2026;21:00;22.4;0;SOLEIL;22.1;37.4;0
Perpignan;42.69;2.89;12/09/2026;22:00;21.3;0;SOLEIL;21.2;34.6;0
Perpignan;42.69;2.89;12/09/2026;23:00;21.1;0;SOLEIL;22.5;37.1;0
Albi;43.92;2.14;10/09/2026;00:00;15.6;0;SOLEIL;4.7;8.6;0
Albi;43.92;2.14;10/09/2026;01:00;14.6;0;SOLEIL;5.9;10.4;0
Albi;43.92;2.14;10/09/2026;02:00;13.5;0;SOLEIL;6.5;12.2;0
Albi;43.92;2.14;10/09/2026;03:00;13.2;0;SOLEIL;6.2;13.0;0
Albi;43.92;2.14;10/09/2026;04:00;13.1;0;SOLEIL;9.4;17.6;0
Albi;43.92;2.14;10/09/2026;05:00;12.7;0;SOLEIL;18.8;38.9;0
Albi;43.92;2.14;10/09/2026;06:00;11.9;0;SOLEIL;13.6;38.2;0
Albi;43.92;2.14;10/09/2026;07:00;14.5;0;SOLEIL;7.1;24.1;0
Albi;43.92;2.14;10/09/2026;08:00;17;0;SOLEIL;5.2;18.7;0
Albi;43.92;2.14;10/09/2026;09:00;19.1;0;SOLEIL;8.6;19.8;0
Albi;43.92;2.14;10/09/2026;10:00;21.5;0;SOLEIL;11.6;24.1;0
Albi;43.92;2.14;10/09/2026;11:00;22.2;0;SOLEIL;15.1;31.0;0
Albi;43.92;2.14;10/09/2026;12:00;23.3;0;SOLEIL;18.5;36.0;0
Albi;43.92;2.14;10/09/2026;13:00;24.7;0;SOLEIL;16.5;35.3;0
Albi;43.92;2.14;10/09/2026;14:00;25.5;0;SOLEIL;18.0;37.4;0
Albi;43.92;2.14;10/09/2026;15:00;24.7;0;SOLEIL;19.3;38.2;0
Albi;43.92;2.14;10/09/2026;16:00;25;0;SOLEIL;19.4;38.5;0
Albi;43.92;2.14;10/09/2026;17:00;25.1;0;SOLEIL;18.4;40.3;0
Albi;43.92;2.14;10/09/2026;18:00;23;0;SOLEIL;16.1;37.4;0
Albi;43.92;2.14;10/09/2026;19:00;21.1;0;SOLEIL;14.6;36.7;0
Albi;43.92;2.14;10/09/2026;20:00;19.9;0;SOLEIL;10.2;29.2;0
Albi;43.92;2.14;10/09/2026;21:00;17.9;0;SOLEIL;9.0;18.4;0
Albi;43.92;2.14;10/09/2026;22:00;17.1;0;SOLEIL;8.2;17.3;0
Albi;43.92;2.14;10/09/2026;23:00;15.9;0;SOLEIL;5.6;15.1;0
Albi;43.92;2.14;11/09/2026;00:00;15.2;0;SOLEIL;3.9;9.7;0
Albi;43.92;2.14;11/09/2026;01:00;15.2;0;SOLEIL;4.0;7.9;0
Albi;43.92;2.14;11/09/2026;02:00;12.5;0;SOLEIL;3.4;8.3;0
Albi;43.92;2.14;11/09/2026;03:00;12.5;0;SOLEIL;2.9;6.1;0
Albi;43.92;2.14;11/09/2026;04:00;12.5;0;SOLEIL;2.2;5.0;0
Albi;43.92;2.14;11/09/2026;05:00;11.6;0;SOLEIL;1.9;4.3;0
Albi;43.92;2.14;11/09/2026;06:00;11.6;0;SOLEIL;1.1;4.0;0
Albi;43.92;2.14;11/09/2026;07:00;11.6;0;SOLEIL;1.1;2.9;0
Albi;43.92;2.14;11/09/2026;08:00;19;0;SOLEIL;1.5;4.0;0
Albi;43.92;2.14;11/09/2026;09:00;19;0;SOLEIL;1.3;4.0;0
Albi;43.92;2.14;11/09/2026;10:00;19;0;SOLEIL;3.7;8.3;0
Albi;43.92;2.14;11/09/2026;11:00;24.9;0;SOLEIL;8.6;18.0;0
Albi;43.92;2.14;11/09/2026;12:00;24.9;0;SOLEIL;13.0;26.3;0
Albi;43.92;2.14;11/09/2026;13:00;24.9;0;SOLEIL;15.6;31.7;0
Albi;43.92;2.14;11/09/2026;14:00;26.4;0;SOLEIL;16.8;33.1;0
Albi;43.92;2.14;11/09/2026;15:00;26.4;0;SOLEIL;15.9;34.9;0
Albi;43.92;2.14;11/09/2026;16:00;26.4;0;SOLEIL;17.1;33.8;0
Albi;43.92;2.14;11/09/2026;17:00;24;0;SOLEIL;14.8;34.6;0
Albi;43.92;2.14;11/09/2026;18:00;24;0;SOLEIL;16.3;33.1;0
Albi;43.92;2.14;11/09/2026;19:00;24;0;SOLEIL;13.1;31.3;0
Albi;43.92;2.14;11/09/2026;20:00;18.4;0;SOLEIL;9.7;27.4;0
Albi;43.92;2.14;11/09/2026;21:00;18.4;0;SOLEIL;7.8;17.6;0
Albi;43.92;2.14;11/09/2026;22:00;18.4;0;SOLEIL;4.0;13.3;0
Albi;43.92;2.14;11/09/2026;23:00;16.4;0;SOLEIL;4.0;7.9;0
Albi;43.92;2.14;12/09/2026;00:00;16.4;0;SOLEIL;1.1;7.6;0
Albi;43.92;2.14;12/09/2026;01:00;16.4;0;SOLEIL;1.1;2.2;0
Albi;43.92;2.14;12/09/2026;02:00;13.2;0;SOLEIL;2.3;4.3;0
Albi;43.92;2.14;12/09/2026;03:00;13.2;0;SOLEIL;2.3;4.7;0
Albi;43.92;2.14;12/09/2026;04:00;13.2;0;SOLEIL;2.3;6.1;0
Albi;43.92;2.14;12/09/2026;05:00;13.2;0;SOLEIL;2.5;5.0;0
Albi;43.92;2.14;12/09/2026;06:00;13.2;0;SOLEIL;2.2;5.0;0
Albi;43.92;2.14;12/09/2026;07:00;13.2;0;SOLEIL;2.5;5.0;0
Albi;43.92;2.14;12/09/2026;08:00;19.1;0;SOLEIL;2.2;5.0;0
Albi;43.92;2.14;12/09/2026;09:00;19.1;0;SOLEIL;1.8;5.0;0
Albi;43.92;2.14;12/09/2026;10:00;19.1;0;SOLEIL;0.4;4.7;0
Albi;43.92;2.14;12/09/2026;11:00;24.9;0;SOLEIL;2.7;7.9;0
Albi;43.92;2.14;12/09/2026;12:00;24.9;0;SOLEIL;6.4;14.4;0
Albi;43.92;2.14;12/09/2026;13:00;24.9;0;SOLEIL;11.5;24.1;0
Albi;43.92;2.14;12/09/2026;14:00;28;0;SOLEIL;15.4;31.1;0
Albi;43.92;2.14;12/09/2026;15:00;28;0;SOLEIL;15.5;32.4;0
Albi;43.92;2.14;12/09/2026;16:00;28;0;SOLEIL;16.6;33.1;0
Albi;43.92;2.14;12/09/2026;17:00;26.1;0;SOLEIL;16.6;33.1;0
Albi;43.92;2.14;12/09/2026;18:00;26.1;0;SOLEIL;16.5;33.5;0
Albi;43.92;2.14;12/09/2026;19:00;26.1;0;SOLEIL;15.3;32.4;0
Albi;43.92;2.14;12/09/2026;20:00;19.7;0;SOLEIL;10.0;29.5;0
Albi;43.92;2.14;12/09/2026;21:00;17.8;0;SOLEIL;7.8;18.4;0
Albi;43.92;2.14;12/09/2026;22:00;15.9;0;SOLEIL;5.1;15.1;0
Albi;43.92;2.14;12/09/2026;23:00;17.1;0;SOLEIL;4.7;10.4;0
Castres;43.6;2.24;10/09/2026;00:00;15.2;0;SOLEIL;5.9;9.7;0
Castres;43.6;2.24;10/09/2026;01:00;13.9;0;SOLEIL;10.6;18.0;0
Castres;43.6;2.24;10/09/2026;02:00;13.2;0;SOLEIL;13.2;22.3;0
Castres;43.6;2.24;10/09/2026;03:00;12.2;0;SOLEIL;11.8;23.0;0
Castres;43.6;2.24;10/09/2026;04:00;11.8;0;SOLEIL;11.3;20.2;0
Castres;43.6;2.24;10/09/2026;05:00;11.2;0;SOLEIL;13.6;25.9;0
Castres;43.6;2.24;10/09/2026;06:00;12.2;0;SOLEIL;16.6;34.9;0
Castres;43.6;2.24;10/09/2026;07:00;14.8;0;SOLEIL;12.2;32.4;0
Castres;43.6;2.24;10/09/2026;08:00;16.4;0;SOLEIL;9.1;21.2;0
Castres;43.6;2.24;10/09/2026;09:00;18.4;0;SOLEIL;13.0;22.3;0
Castres;43.6;2.24;10/09/2026;10:00;21.3;0;SOLEIL;18.6;33.1;0
Castres;43.6;2.24;10/09/2026;11:00;22.7;0;SOLEIL;20.0;37.1;0
Castres;43.6;2.24;10/09/2026;12:00;22.7;0;SOLEIL;19.2;35.3;0
Castres;43.6;2.24;10/09/2026;13:00;24.6;0;SOLEIL;21.4;37.8;0
Castres;43.6;2.24;10/09/2026;14:00;24.7;0;SOLEIL;21.0;41.4;0
Castres;43.6;2.24;10/09/2026;15:00;24.4;0;SOLEIL;22.0;41.0;0
Castres;43.6;2.24;10/09/2026;16:00;24.7;0;SOLEIL;23.9;44.6;0
Castres;43.6;2.24;10/09/2026;17:00;24.6;0;SOLEIL;21.9;43.2;0
Castres;43.6;2.24;10/09/2026;18:00;22.5;0;SOLEIL;23.4;41.4;0
Castres;43.6;2.24;10/09/2026;19:00;20.6;0;SOLEIL;17.3;37.8;0
Castres;43.6;2.24;10/09/2026;20:00;19.9;0;SOLEIL;11.4;29.2;0
Castres;43.6;2.24;10/09/2026;21:00;18.1;0;SOLEIL;9.1;18.0;0
Castres;43.6;2.24;10/09/2026;22:00;17.7;0;SOLEIL;7.2;15.1;0
Castres;43.6;2.24;10/09/2026;23:00;16.6;0;SOLEIL;6.8;11.9;0
Castres;43.6;2.24;11/09/2026;00:00;14.9;0;SOLEIL;5.2;11.2;0
Castres;43.6;2.24;11/09/2026;01:00;14.9;0;SOLEIL;5.3;9.0;0
Castres;43.6;2.24;11/09/2026;02:00;12.1;0;SOLEIL;3.3;8.6;0
Castres;43.6;2.24;11/09/2026;03:00;12.1;0;SOLEIL;2.7;5.0;0
Castres;43.6;2.24;11/09/2026;04:00;12.1;0;SOLEIL;1.8;4.0;0
Castres;43.6;2.24;11/09/2026;05:00;12.2;0;SOLEIL;1.1;2.9;0
Castres;43.6;2.24;11/09/2026;06:00;12.2;0;SOLEIL;0.8;1.4;0
Castres;43.6;2.24;11/09/2026;07:00;12.2;0;SOLEIL;1.6;2.2;0
Castres;43.6;2.24;11/09/2026;08:00;19.5;0;SOLEIL;1.8;2.9;0
Castres;43.6;2.24;11/09/2026;09:00;19.5;0;SOLEIL;2.4;4.3;0
Castres;43.6;2.24;11/09/2026;10:00;19.5;0;SOLEIL;7.8;14.0;0
Castres;43.6;2.24;11/09/2026;11:00;24.1;0;SOLEIL;11.8;21.2;0
Castres;43.6;2.24;11/09/2026;12:00;24.1;0;SOLEIL;16.4;29.5;0
Castres;43.6;2.24;11/09/2026;13:00;24.1;0;SOLEIL;19.6;34.2;0
Castres;43.6;2.24;11/09/2026;14:00;25.4;0;SOLEIL;19.9;36.7;0
Castres;43.6;2.24;11/09/2026;15:00;25.4;0;SOLEIL;16.8;37.1;0
Castres;43.6;2.24;11/09/2026;16:00;25.4;0;SOLEIL;19.7;38.5;0
Castres;43.6;2.24;11/09/2026;17:00;23.2;0;SOLEIL;18.3;35.3;0
Castres;43.6;2.24;11/09/2026;18:00;23.2;0;SOLEIL;18.5;33.5;0
Castres;43.6;2.24;11/09/2026;19:00;23.2;0;SOLEIL;14.3;33.5;0
Castres;43.6;2.24;11/09/2026;20:00;18.1;0;SOLEIL;11.4;27.7;0
Castres;43.6;2.24;11/09/2026;21:00;18.1;0;SOLEIL;8.4;19.4;0
Castres;43.6;2.24;11/09/2026;22:00;18.1;0;SOLEIL;1.8;13.0;0
Castres;43.6;2.24;11/09/2026;23:00;15.7;0;SOLEIL;0.7;1.8;0
Castres;43.6;2.24;12/09/2026;00:00;15.7;0;SOLEIL;1.3;1.8;0
Castres;43.6;2.24;12/09/2026;01:00;15.7;0;SOLEIL;1.3;2.2;0
Castres;43.6;2.24;12/09/2026;02:00;14.1;0;SOLEIL;2.1;2.9;0
Castres;43.6;2.24;12/09/2026;03:00;14.1;0;SOLEIL;2.3;3.6;0
Castres;43.6;2.24;12/09/2026;04:00;14.1;0;SOLEIL;2.2;3.6;0
Castres;43.6;2.24;12/09/2026;05:00;13.1;0;SOLEIL;1.8;2.9;0
Castres;43.6;2.24;12/09/2026;06:00;13.1;0;SOLEIL;2.0;2.9;0
Castres;43.6;2.24;12/09/2026;07:00;13.1;0;SOLEIL;1.5;2.5;0
Castres;43.6;2.24;12/09/2026;08:00;19.1;0;SOLEIL;1.1;2.5;0
Castres;43.6;2.24;12/09/2026;09:00;19.1;0;SOLEIL;1.1;2.9;0
Castres;43.6;2.24;12/09/2026;10:00;19.1;0;SOLEIL;3.3;6.8;0
Castres;43.6;2.24;12/09/2026;11:00;24.4;0;SOLEIL;7.8;14.4;0
Castres;43.6;2.24;12/09/2026;12:00;24.4;0;SOLEIL;9.5;17.9;0
Castres;43.6;2.24;12/09/2026;13:00;24.4;0;SOLEIL;12.8;23.2;0
Castres;43.6;2.24;12/09/2026;14:00;27;0;SOLEIL;17.4;31.3;0
Castres;43.6;2.24;12/09/2026;15:00;27;0;SOLEIL;19.9;36.0;0
Castres;43.6;2.24;12/09/2026;16:00;27;0;SOLEIL;19.2;36.7;0
Castres;43.6;2.24;12/09/2026;17:00;24.5;0;SOLEIL;19.9;35.6;0
Castres;43.6;2.24;12/09/2026;18:00;24.5;0;SOLEIL;19.9;36.0;0
Castres;43.6;2.24;12/09/2026;19:00;24.5;0;SOLEIL;16.9;34.9;0
Castres;43.6;2.24;12/09/2026;20:00;19.5;0;SOLEIL;12.4;29.9;0
Castres;43.6;2.24;12/09/2026;21:00;17.8;0;SOLEIL;9.2;20.9;0
Castres;43.6;2.24;12/09/2026;22:00;16.0;0;SOLEIL;5.8;15.8;0
Castres;43.6;2.24;12/09/2026;23:00;16.1;0;SOLEIL;3.1;9.4;0
Montauban;44.01;1.35;10/09/2026;00:00;14.2;0;SOLEIL;8.7;14.4;0
Montauban;44.01;1.35;10/09/2026;01:00;14;0;SOLEIL;7.6;14.8;0
Montauban;44.01;1.35;10/09/2026;02:00;13.4;0;SOLEIL;10.2;15.8;0
Montauban;44.01;1.35;10/09/2026;03:00;12;0;SOLEIL;18.1;28.8;0
Montauban;44.01;1.35;10/09/2026;04:00;12.6;0;SOLEIL;17.2;31.7;0
Montauban;44.01;1.35;10/09/2026;05:00;12.5;0;SOLEIL;10.7;27.4;0
Montauban;44.01;1.35;10/09/2026;06:00;12.6;0;SOLEIL;8.7;31.0;0
Montauban;44.01;1.35;10/09/2026;07:00;14.2;0;SOLEIL;14.3;25.9;0
Montauban;44.01;1.35;10/09/2026;08:00;16.8;0;SOLEIL;10.0;22.7;0
Montauban;44.01;1.35;10/09/2026;09:00;18.6;0;SOLEIL;10.4;19.8;0
Montauban;44.01;1.35;10/09/2026;10:00;20.8;0;SOLEIL;14.7;24.8;0
Montauban;44.01;1.35;10/09/2026;11:00;22.3;0;SOLEIL;16.1;27.4;0
Montauban;44.01;1.35;10/09/2026;12:00;22.7;5;SOLEIL VOILÉ;16.9;29.2;0
Montauban;44.01;1.35;10/09/2026;13:00;23.9;0;SOLEIL;16.0;31.3;0
Montauban;44.01;1.35;10/09/2026;14:00;24.7;0;SOLEIL;16.3;31.0;0
Montauban;44.01;1.35;10/09/2026;15:00;24.9;0;SOLEIL;17.3;31.3;0
Montauban;44.01;1.35;10/09/2026;16:00;25.7;0;SOLEIL;16.3;30.6;0
Montauban;44.01;1.35;10/09/2026;17:00;25.2;0;SOLEIL;16.5;29.9;0
Montauban;44.01;1.35;10/09/2026;18:00;23;0;SOLEIL;17.7;30.2;0
Montauban;44.01;1.35;10/09/2026;19:00;21.2;0;SOLEIL;15.4;32.4;0
Montauban;44.01;1.35;10/09/2026;20:00;18.9;0;SOLEIL;10.7;24.5;0
Montauban;44.01;1.35;10/09/2026;21:00;17.1;0;SOLEIL;7.0;17.3;0
Montauban;44.01;1.35;10/09/2026;22:00;16.9;0;SOLEIL;3.4;10.4;0
Montauban;44.01;1.35;10/09/2026;23:00;15.6;0;SOLEIL;2.9;5.8;0
Montauban;44.01;1.35;11/09/2026;00:00;14.9;0;SOLEIL;2.9;4.7;0
Montauban;44.01;1.35;11/09/2026;01:00;14.9;0;SOLEIL;2.5;4.7;0
Montauban;44.01;1.35;11/09/2026;02:00;12.4;0;SOLEIL;1.1;3.6;0
Montauban;44.01;1.35;11/09/2026;03:00;12.4;0;SOLEIL;2.3;3.6;0
Montauban;44.01;1.35;11/09/2026;04:00;12.4;0;SOLEIL;2.6;4.0;0
Montauban;44.01;1.35;11/09/2026;05:00;11.9;0;SOLEIL;2.3;4.7;0
Montauban;44.01;1.35;11/09/2026;06:00;11.9;0;SOLEIL;2.3;2.9;0
Montauban;44.01;1.35;11/09/2026;07:00;11.9;0;SOLEIL;1.5;2.5;0
Montauban;44.01;1.35;11/09/2026;08:00;18.9;0;SOLEIL;1.3;2.5;0
Montauban;44.01;1.35;11/09/2026;09:00;18.9;0;SOLEIL;1.1;2.2;0
Montauban;44.01;1.35;11/09/2026;10:00;18.9;0;SOLEIL;5.0;8.6;0
Montauban;44.01;1.35;11/09/2026;11:00;24.1;0;SOLEIL;9.8;16.9;0
Montauban;44.01;1.35;11/09/2026;12:00;24.1;0;SOLEIL;9.7;17.6;0
Montauban;44.01;1.35;11/09/2026;13:00;24.1;0;SOLEIL;11.2;20.2;0
Montauban;44.01;1.35;11/09/2026;14:00;25.5;0;SOLEIL;12.6;22.3;0
Montauban;44.01;1.35;11/09/2026;15:00;25.5;0;SOLEIL;13.7;23.0;0
Montauban;44.01;1.35;11/09/2026;16:00;25.5;0;SOLEIL;12.4;23.8;0
Montauban;44.01;1.35;11/09/2026;17:00;23.9;0;SOLEIL;12.4;23.4;0
Montauban;44.01;1.35;11/09/2026;18:00;23.9;0;SOLEIL;11.2;21.2;0
Montauban;44.01;1.35;11/09/2026;19:00;23.9;0;SOLEIL;8.4;19.1;0
Montauban;44.01;1.35;11/09/2026;20:00;18.1;0;SOLEIL;5.9;14.4;0
Montauban;44.01;1.35;11/09/2026;21:00;18.1;0;SOLEIL;2.7;7.9;0
Montauban;44.01;1.35;11/09/2026;22:00;18.1;0;SOLEIL;1.8;4.0;0
Montauban;44.01;1.35;11/09/2026;23:00;16;0;SOLEIL;2.2;2.9;0
Montauban;44.01;1.35;12/09/2026;00:00;16;0;SOLEIL;1.9;2.9;0
Montauban;44.01;1.35;12/09/2026;01:00;16;0;SOLEIL;2.9;4.0;0
Montauban;44.01;1.35;12/09/2026;02:00;13.9;0;SOLEIL;3.0;4.7;0
Montauban;44.01;1.35;12/09/2026;03:00;13.9;0;SOLEIL;2.2;3.6;0
Montauban;44.01;1.35;12/09/2026;04:00;13.9;0;SOLEIL;2.4;3.6;0
Montauban;44.01;1.35;12/09/2026;05:00;13.1;0;SOLEIL;2.3;2.9;0
Montauban;44.01;1.35;12/09/2026;06:00;13.1;0;SOLEIL;1.9;2.9;0
Montauban;44.01;1.35;12/09/2026;07:00;13.1;0;SOLEIL;1.6;2.2;0
Montauban;44.01;1.35;12/09/2026;08:00;19.4;0;SOLEIL;1.0;1.8;0
Montauban;44.01;1.35;12/09/2026;09:00;19.4;0;SOLEIL;1.1;2.2;0
Montauban;44.01;1.35;12/09/2026;10:00;19.4;0;SOLEIL;3.2;6.5;0
Montauban;44.01;1.35;12/09/2026;11:00;25;0;SOLEIL;6.1;10.8;0
Montauban;44.01;1.35;12/09/2026;12:00;25;0;SOLEIL;8.5;15.8;0
Montauban;44.01;1.35;12/09/2026;13:00;25;0;SOLEIL;11.7;21.4;0
Montauban;44.01;1.35;12/09/2026;14:00;27.7;0;SOLEIL;13.7;25.6;0
Montauban;44.01;1.35;12/09/2026;15:00;27.7;0;SOLEIL;14.5;27.4;0
Montauban;44.01;1.35;12/09/2026;16:00;27.7;0;SOLEIL;15.0;28.1;0
Montauban;44.01;1.35;12/09/2026;17:00;25.2;0;SOLEIL;14.8;28.8;0
Montauban;44.01;1.35;12/09/2026;18:00;25.2;0;SOLEIL;14.0;27.7;0
Montauban;44.01;1.35;12/09/2026;19:00;25.2;0;SOLEIL;12.5;25.9;0
Montauban;44.01;1.35;12/09/2026;20:00;19.7;0;SOLEIL;7.5;22.3;0
Montauban;44.01;1.35;12/09/2026;21:00;17.9;0;SOLEIL;6.0;12.6;0
Montauban;44.01;1.35;12/09/2026;22:00;16.1;0;SOLEIL;5.5;10.1;0
Montauban;44.01;1.35;12/09/2026;23:00;17.1;0;SOLEIL;5.9;10.1;0
